date,roi,filename,midday_gcc,gcc_mean,status
2021-07-01,DB_2000,NEON.D11.CLBJ.DP1.00033_2021_07_01_120006.jpg,0.37582,0.37086,downloaded
2021-07-02,DB_2000,NEON.D11.CLBJ.DP1.00033_2021_07_02_120005.jpg,0.37157,0.36939,downloaded
2021-07-03,DB_2000,NEON.D11.CLBJ.DP1.00033_2021_07_03_120005.jpg,0.36648,0.36749,downloaded
2021-07-04,DB_2000,NEON.D11.CLBJ.DP1.00033_2021_07_04_120006.jpg,0.36852,0.36750,downloaded
2021-07-05,DB_2000,NEON.D11.CLBJ.DP1.00033_2021_07_05_120006.jpg,0.37513,0.36816,downloaded
2021-07-06,DB_2000,NEON.D11.CLBJ.DP1.00033_2021_07_06_120006.jpg,0.37460,0.36875,downloaded
2021-07-07,DB_2000,NEON.D11.CLBJ.DP1.00033_2021_07_07_120006.jpg,0.37496,0.36806,downloaded
2021-07-08,DB_2000,NEON.D11.CLBJ.DP1.00033_2021_07_08_120005.jpg,0.37495,0.37014,downloaded
2021-07-09,DB_2000,NEON.D11.CLBJ.DP1.00033_2021_07_09_120006.jpg,0.36135,0.36519,downloaded
2021-07-10,DB_2000,NEON.D11.CLBJ.DP1.00033_2021_07_10_120005.jpg,0.37140,0.36674,downloaded
2021-07-11,DB_2000,NEON.D11.CLBJ.DP1.00033_2021_07_11_120005.jpg,0.37715,0.37148,downloaded
2021-07-12,DB_2000,NEON.D11.CLBJ.DP1.00033_2021_07_12_120006.jpg,0.37619,0.36971,downloaded
2021-07-13,DB_2000,NEON.D11.CLBJ.DP1.00033_2021_07_13_120005.jpg,0.37396,0.36822,downloaded
2021-07-14,DB_2000,NEON.D11.CLBJ.DP1.00033_2021_07_14_120006.jpg,0.37310,0.36665,downloaded
2021-07-15,DB_2000,NEON.D11.CLBJ.DP1.00033_2021_07_15_120006.jpg,0.37230,0.36636,downloaded
2021-07-16,DB_2000,NEON.D11.CLBJ.DP1.00033_2021_07_16_120005.jpg,0.37293,0.36617,downloaded
2021-07-17,DB_2000,NEON.D11.CLBJ.DP1.00033_2021_07_17_120005.jpg,0.37175,0.36642,downloaded
2021-07-18,DB_2000,NEON.D11.CLBJ.DP1.00033_2021_07_18_120006.jpg,0.36824,0.36747,downloaded
2021-07-19,DB_2000,NEON.D11.CLBJ.DP1.00033_2021_07_19_120006.jpg,0.37204,0.36648,downloaded
2021-07-20,DB_2000,NEON.D11.CLBJ.DP1.00033_2021_07_20_120005.jpg,0.37101,0.36727,downloaded
2021-07-21,DB_2000,NEON.D11.CLBJ.DP1.00033_2021_07_21_120006.jpg,0.37151,0.36638,downloaded
2021-07-22,DB_2000,NEON.D11.CLBJ.DP1.00033_2021_07_22_120006.jpg,0.37185,0.36610,downloaded
2021-07-23,DB_2000,NEON.D11.CLBJ.DP1.00033_2021_07_23_120005.jpg,0.36442,0.36620,downloaded
2021-07-24,DB_2000,NEON.D11.CLBJ.DP1.00033_2021_07_24_120006.jpg,0.37540,0.36997,downloaded
2021-07-25,DB_2000,NEON.D11.CLBJ.DP1.00033_2021_07_25_120005.jpg,0.37521,0.36901,downloaded
2021-07-26,DB_2000,NEON.D11.CLBJ.DP1.00033_2021_07_26_120006.jpg,0.37598,0.36999,downloaded
2021-07-27,DB_2000,NEON.D11.CLBJ.DP1.00033_2021_07_27_120005.jpg,0.37360,0.36704,downloaded
2021-07-28,DB_2000,NEON.D11.CLBJ.DP1.00033_2021_07_28_120006.jpg,0.37106,0.36700,downloaded
2021-07-29,DB_2000,NEON.D11.CLBJ.DP1.00033_2021_07_29_120005.jpg,0.36034,0.36636,downloaded
2021-07-30,DB_2000,NEON.D11.CLBJ.DP1.00033_2021_07_30_120006.jpg,0.37205,0.36611,downloaded
2021-07-31,DB_2000,NEON.D11.CLBJ.DP1.00033_2021_07_31_120005.jpg,0.37292,0.36675,downloaded
2021-08-01,DB_2000,NEON.D11.CLBJ.DP1.00033_2021_08_01_120006.jpg,0.36254,0.36124,downloaded
2021-08-02,DB_2000,NEON.D11.CLBJ.DP1.00033_2021_08_02_120005.jpg,0.36650,0.36277,downloaded
2021-08-03,DB_2000,NEON.D11.CLBJ.DP1.00033_2021_08_03_120006.jpg,0.35914,0.36208,downloaded
2021-08-04,DB_2000,NEON.D11.CLBJ.DP1.00033_2021_08_04_120006.jpg,0.36834,0.36209,downloaded
2021-08-05,DB_2000,NEON.D11.CLBJ.DP1.00033_2021_08_05_120006.jpg,0.37034,0.36382,downloaded
2021-08-06,DB_2000,NEON.D11.CLBJ.DP1.00033_2021_08_06_120006.jpg,0.37191,0.36546,downloaded
2021-08-07,DB_2000,NEON.D11.CLBJ.DP1.00033_2021_08_07_120006.jpg,0.36949,0.36499,downloaded
2021-08-08,DB_2000,NEON.D11.CLBJ.DP1.00033_2021_08_08_120006.jpg,0.37108,0.36636,downloaded
2021-08-09,DB_2000,NEON.D11.CLBJ.DP1.00033_2021_08_09_120006.jpg,0.37279,0.36784,downloaded
2021-08-10,DB_2000,NEON.D11.CLBJ.DP1.00033_2021_08_10_120006.jpg,0.37393,0.36813,downloaded
2021-08-11,DB_2000,NEON.D11.CLBJ.DP1.00033_2021_08_11_120006.jpg,0.37183,0.36738,downloaded
2021-08-12,DB_2000,NEON.D11.CLBJ.DP1.00033_2021_08_12_120005.jpg,0.37251,0.36744,downloaded
2021-08-13,DB_2000,NEON.D11.CLBJ.DP1.00033_2021_08_13_120006.jpg,0.36841,0.36233,downloaded
2021-08-14,DB_2000,NEON.D11.CLBJ.DP1.00033_2021_08_14_120005.jpg,0.36523,0.36639,downloaded
2021-08-15,DB_2000,NEON.D11.CLBJ.DP1.00033_2021_08_15_120006.jpg,0.37098,0.36407,downloaded
2021-08-16,DB_2000,NEON.D11.CLBJ.DP1.00033_2021_08_16_120005.jpg,0.37067,0.36423,downloaded
2021-08-17,DB_2000,NEON.D11.CLBJ.DP1.00033_2021_08_17_120005.jpg,0.36968,0.36430,downloaded
2021-08-18,DB_2000,NEON.D11.CLBJ.DP1.00033_2021_08_18_120005.jpg,0.35755,0.36369,downloaded
2021-08-19,DB_2000,NEON.D11.CLBJ.DP1.00033_2021_08_19_120006.jpg,0.35845,0.36402,downloaded
2021-08-20,DB_2000,NEON.D11.CLBJ.DP1.00033_2021_08_20_120006.jpg,0.37420,0.36870,downloaded
2021-08-21,DB_2000,NEON.D11.CLBJ.DP1.00033_2021_08_21_120006.jpg,0.37398,0.36732,downloaded
2021-08-22,DB_2000,NEON.D11.CLBJ.DP1.00033_2021_08_22_120006.jpg,0.37251,0.36731,downloaded
2021-08-23,DB_2000,NEON.D11.CLBJ.DP1.00033_2021_08_23_120005.jpg,0.37174,0.36685,downloaded
2021-08-24,DB_2000,NEON.D11.CLBJ.DP1.00033_2021_08_24_120006.jpg,0.37131,0.36714,downloaded
2021-08-25,DB_2000,NEON.D11.CLBJ.DP1.00033_2021_08_25_120006.jpg,0.37243,0.36734,downloaded
2021-08-26,DB_2000,NEON.D11.CLBJ.DP1.00033_2021_08_26_120006.jpg,0.36872,0.36419,downloaded
2021-08-27,DB_2000,NEON.D11.CLBJ.DP1.00033_2021_08_27_120006.jpg,0.37065,0.36407,downloaded
2021-08-28,DB_2000,NEON.D11.CLBJ.DP1.00033_2021_08_28_120006.jpg,0.36841,0.36241,downloaded
2021-08-29,DB_2000,NEON.D11.CLBJ.DP1.00033_2021_08_29_120006.jpg,0.35658,0.36294,downloaded
2021-08-30,DB_2000,NEON.D11.CLBJ.DP1.00033_2021_08_30_120005.jpg,0.36193,0.36319,downloaded
2021-08-31,DB_2000,NEON.D11.CLBJ.DP1.00033_2021_08_31_120006.jpg,0.36928,0.36493,downloaded
2021-09-01,DB_2000,NEON.D11.CLBJ.DP1.00033_2021_09_01_120005.jpg,0.37027,0.36397,downloaded
2021-09-02,DB_2000,NEON.D11.CLBJ.DP1.00033_2021_09_02_120006.jpg,0.36956,0.36341,downloaded
2021-09-03,DB_2000,NEON.D11.CLBJ.DP1.00033_2021_09_03_120005.jpg,0.36849,0.36395,downloaded
2021-09-04,DB_2000,NEON.D11.CLBJ.DP1.00033_2021_09_04_120006.jpg,0.36817,0.36383,downloaded
2021-09-05,DB_2000,NEON.D11.CLBJ.DP1.00033_2021_09_05_120005.jpg,0.36279,0.35925,downloaded
2021-09-06,DB_2000,NEON.D11.CLBJ.DP1.00033_2021_09_06_120005.jpg,0.35675,0.36171,downloaded
2021-09-07,DB_2000,NEON.D11.CLBJ.DP1.00033_2021_09_07_120005.jpg,0.36556,0.36233,downloaded
2021-09-08,DB_2000,NEON.D11.CLBJ.DP1.00033_2021_09_08_120006.jpg,0.36762,0.36267,downloaded
2021-09-09,DB_2000,NEON.D11.CLBJ.DP1.00033_2021_09_09_120006.jpg,0.36630,0.36181,downloaded
2021-09-10,DB_2000,NEON.D11.CLBJ.DP1.00033_2021_09_10_120006.jpg,0.36515,0.36085,downloaded
2021-09-11,DB_2000,NEON.D11.CLBJ.DP1.00033_2021_09_11_120006.jpg,0.36361,0.35941,downloaded
2021-09-12,DB_2000,NEON.D11.CLBJ.DP1.00033_2021_09_12_120006.jpg,0.36282,0.35920,downloaded
2021-09-13,DB_2000,NEON.D11.CLBJ.DP1.00033_2021_09_13_120006.jpg,0.36526,0.36069,downloaded
2021-09-14,DB_2000,NEON.D11.CLBJ.DP1.00033_2021_09_14_120006.jpg,0.35507,0.35876,downloaded
2021-09-15,DB_2000,NEON.D11.CLBJ.DP1.00033_2021_09_15_120006.jpg,0.36417,0.35993,downloaded
2021-09-16,DB_2000,NEON.D11.CLBJ.DP1.00033_2021_09_16_120005.jpg,0.35447,0.35984,downloaded
2021-09-17,DB_2000,NEON.D11.CLBJ.DP1.00033_2021_09_17_120006.jpg,0.36465,0.36057,downloaded
2021-09-18,DB_2000,NEON.D11.CLBJ.DP1.00033_2021_09_18_120006.jpg,0.36241,0.36019,downloaded
2021-09-19,DB_2000,NEON.D11.CLBJ.DP1.00033_2021_09_19_120006.jpg,0.36117,0.35874,downloaded
2021-09-20,DB_2000,NEON.D11.CLBJ.DP1.00033_2021_09_20_120005.jpg,0.36406,0.35888,downloaded
2021-09-21,DB_2000,NEON.D11.CLBJ.DP1.00033_2021_09_21_120006.jpg,0.36108,0.35749,downloaded
2021-09-22,DB_2000,NEON.D11.CLBJ.DP1.00033_2021_09_22_120006.jpg,0.36178,0.35773,downloaded
2021-09-23,DB_2000,NEON.D11.CLBJ.DP1.00033_2021_09_23_120006.jpg,0.36182,0.35732,downloaded
2021-09-24,DB_2000,NEON.D11.CLBJ.DP1.00033_2021_09_24_120005.jpg,0.35326,0.35358,downloaded
2021-09-25,DB_2000,NEON.D11.CLBJ.DP1.00033_2021_09_25_120005.jpg,0.36050,0.35675,downloaded
2021-09-26,DB_2000,NEON.D11.CLBJ.DP1.00033_2021_09_26_120005.jpg,0.35969,0.35647,downloaded
2021-09-27,DB_2000,NEON.D11.CLBJ.DP1.00033_2021_09_27_120006.jpg,0.35810,0.35500,downloaded
2021-09-28,DB_2000,NEON.D11.CLBJ.DP1.00033_2021_09_28_120006.jpg,0.35818,0.35530,downloaded
2021-09-29,DB_2000,NEON.D11.CLBJ.DP1.00033_2021_09_29_120006.jpg,0.36183,0.35765,downloaded
2021-09-30,DB_2000,NEON.D11.CLBJ.DP1.00033_2021_09_30_120006.jpg,0.35909,0.35500,downloaded
2021-10-01,DB_2000,NEON.D11.CLBJ.DP1.00033_2021_10_01_120006.jpg,0.35228,0.35455,downloaded
2021-10-02,DB_2000,NEON.D11.CLBJ.DP1.00033_2021_10_02_120006.jpg,0.35223,0.35418,downloaded
2021-10-03,DB_2000,NEON.D11.CLBJ.DP1.00033_2021_10_03_120005.jpg,0.35959,0.35644,downloaded
2021-10-04,DB_2000,NEON.D11.CLBJ.DP1.00033_2021_10_04_120006.jpg,0.35976,0.35592,downloaded
2021-10-05,DB_2000,NEON.D11.CLBJ.DP1.00033_2021_10_05_120006.jpg,0.35920,0.35528,downloaded
2021-10-06,DB_2000,NEON.D11.CLBJ.DP1.00033_2021_10_06_120006.jpg,0.35838,0.35498,downloaded
2021-10-07,DB_2000,NEON.D11.CLBJ.DP1.00033_2021_10_07_120005.jpg,0.35854,0.35536,downloaded
2021-10-08,DB_2000,NEON.D11.CLBJ.DP1.00033_2021_10_08_120006.jpg,0.35838,0.35509,downloaded
2021-10-09,DB_2000,NEON.D11.CLBJ.DP1.00033_2021_10_09_120006.jpg,0.35654,0.35404,downloaded
2021-10-10,DB_2000,NEON.D11.CLBJ.DP1.00033_2021_10_10_120006.jpg,0.35138,0.35258,downloaded
2021-10-11,DB_2000,NEON.D11.CLBJ.DP1.00033_2021_10_11_120006.jpg,0.35672,0.35370,downloaded
2021-10-12,DB_2000,NEON.D11.CLBJ.DP1.00033_2021_10_12_120005.jpg,0.35347,0.35024,downloaded
2021-10-13,DB_2000,NEON.D11.CLBJ.DP1.00033_2021_10_13_120006.jpg,0.35406,0.35436,downloaded
2021-10-14,DB_2000,NEON.D11.CLBJ.DP1.00033_2021_10_14_120005.jpg,0.35725,0.35147,downloaded
2021-10-15,DB_2000,NEON.D11.CLBJ.DP1.00033_2021_10_15_120006.jpg,0.35648,0.35337,downloaded
2021-10-16,DB_2000,NEON.D11.CLBJ.DP1.00033_2021_10_16_120006.jpg,0.35662,0.35273,downloaded
2021-10-17,DB_2000,NEON.D11.CLBJ.DP1.00033_2021_10_17_120006.jpg,0.35342,0.35021,downloaded
2021-10-18,DB_2000,NEON.D11.CLBJ.DP1.00033_2021_10_18_120005.jpg,0.35565,0.35279,downloaded
2021-10-19,DB_2000,NEON.D11.CLBJ.DP1.00033_2021_10_19_120005.jpg,0.35567,0.35344,downloaded
2021-10-20,DB_2000,NEON.D11.CLBJ.DP1.00033_2021_10_20_120005.jpg,0.35028,0.35210,downloaded
2021-10-21,DB_2000,NEON.D11.CLBJ.DP1.00033_2021_10_21_120005.jpg,0.35477,0.35242,downloaded
2021-10-22,DB_2000,NEON.D11.CLBJ.DP1.00033_2021_10_22_120006.jpg,0.35447,0.35218,downloaded
2021-10-23,DB_2000,NEON.D11.CLBJ.DP1.00033_2021_10_23_120005.jpg,0.35433,0.35223,downloaded
2021-10-24,DB_2000,NEON.D11.CLBJ.DP1.00033_2021_10_24_120006.jpg,0.35397,0.35195,downloaded
2021-10-25,DB_2000,NEON.D11.CLBJ.DP1.00033_2021_10_25_120005.jpg,0.35333,0.35136,downloaded
2021-10-26,DB_2000,NEON.D11.CLBJ.DP1.00033_2021_10_26_120006.jpg,0.34689,0.34966,downloaded
2021-10-27,DB_2000,NEON.D11.CLBJ.DP1.00033_2021_10_27_120005.jpg,0.34958,0.35026,downloaded
2021-10-28,DB_2000,NEON.D11.CLBJ.DP1.00033_2021_10_28_120005.jpg,0.35299,0.34947,downloaded
2021-10-29,DB_2000,NEON.D11.CLBJ.DP1.00033_2021_10_29_120006.jpg,0.35167,0.34974,downloaded
2021-10-30,DB_2000,NEON.D11.CLBJ.DP1.00033_2021_10_30_120006.jpg,0.35188,0.34968,downloaded
2021-10-31,DB_2000,NEON.D11.CLBJ.DP1.00033_2021_10_31_120006.jpg,0.35140,0.34936,downloaded
2021-11-01,DB_2000,NEON.D11.CLBJ.DP1.00033_2021_11_01_120006.jpg,0.34971,0.34767,downloaded
2021-11-02,DB_2000,NEON.D11.CLBJ.DP1.00033_2021_11_02_120005.jpg,0.34716,0.34819,downloaded
2021-11-03,DB_2000,NEON.D11.CLBJ.DP1.00033_2021_11_03_120005.jpg,0.34267,0.34593,downloaded
2021-11-04,DB_2000,NEON.D11.CLBJ.DP1.00033_2021_11_04_120005.jpg,0.34572,0.34613,downloaded
2021-11-05,DB_2000,NEON.D11.CLBJ.DP1.00033_2021_11_05_120006.jpg,0.34882,0.34723,downloaded
2021-11-06,DB_2000,NEON.D11.CLBJ.DP1.00033_2021_11_06_120006.jpg,0.34764,0.34608,downloaded
2021-11-07,DB_2000,NEON.D11.CLBJ.DP1.00033_2021_11_07_120006.jpg,0.34612,0.34461,downloaded
2021-11-08,DB_2000,NEON.D11.CLBJ.DP1.00033_2021_11_08_120006.jpg,0.34304,0.34195,downloaded
2021-11-09,DB_2000,NEON.D11.CLBJ.DP1.00033_2021_11_09_120006.jpg,0.34034,0.33889,downloaded
2021-11-10,DB_2000,NEON.D11.CLBJ.DP1.00033_2021_11_10_120005.jpg,0.33562,0.33513,downloaded
2021-11-11,DB_2000,NEON.D11.CLBJ.DP1.00033_2021_11_11_120006.jpg,0.33053,0.33017,downloaded
2021-11-12,DB_2000,NEON.D11.CLBJ.DP1.00033_2021_11_12_120006.jpg,0.32808,0.32847,downloaded
2021-11-13,DB_2000,NEON.D11.CLBJ.DP1.00033_2021_11_13_120006.jpg,0.32734,0.32728,downloaded
2021-11-14,DB_2000,NEON.D11.CLBJ.DP1.00033_2021_11_14_120006.jpg,0.32642,0.32667,downloaded
2021-11-15,DB_2000,NEON.D11.CLBJ.DP1.00033_2021_11_15_120005.jpg,0.32531,0.32570,downloaded
2021-11-16,DB_2000,NEON.D11.CLBJ.DP1.00033_2021_11_16_120006.jpg,0.32735,0.32723,downloaded
2021-11-17,DB_2000,NEON.D11.CLBJ.DP1.00033_2021_11_17_120005.jpg,0.32560,0.32610,downloaded
2021-11-18,DB_2000,NEON.D11.CLBJ.DP1.00033_2021_11_18_120006.jpg,0.32431,0.32497,downloaded
2021-11-19,DB_2000,NEON.D11.CLBJ.DP1.00033_2021_11_19_120006.jpg,0.32518,0.32534,downloaded
2021-11-20,DB_2000,NEON.D11.CLBJ.DP1.00033_2021_11_20_120006.jpg,0.32516,0.32558,downloaded
2021-11-21,DB_2000,NEON.D11.CLBJ.DP1.00033_2021_11_21_120006.jpg,0.32469,0.32455,downloaded
2021-11-22,DB_2000,NEON.D11.CLBJ.DP1.00033_2021_11_22_120006.jpg,0.32342,0.32391,downloaded
2021-11-23,DB_2000,NEON.D11.CLBJ.DP1.00033_2021_11_23_120006.jpg,0.32346,0.32393,downloaded
2021-11-24,DB_2000,NEON.D11.CLBJ.DP1.00033_2021_11_24_120006.jpg,0.32323,0.32394,downloaded
2021-11-25,DB_2000,NEON.D11.CLBJ.DP1.00033_2021_11_25_120006.jpg,0.32190,0.32221,downloaded
2021-11-26,DB_2000,NEON.D11.CLBJ.DP1.00033_2021_11_26_120006.jpg,0.32172,0.32244,downloaded
2021-11-27,DB_2000,NEON.D11.CLBJ.DP1.00033_2021_11_27_120005.jpg,0.32463,0.32368,downloaded
2021-11-28,DB_2000,NEON.D11.CLBJ.DP1.00033_2021_11_28_120006.jpg,0.32262,0.32321,downloaded
2021-11-29,DB_2000,NEON.D11.CLBJ.DP1.00033_2021_11_29_120006.jpg,0.32265,0.32309,downloaded
2021-11-30,DB_2000,NEON.D11.CLBJ.DP1.00033_2021_11_30_120006.jpg,0.32232,0.32270,downloaded
2021-12-01,DB_2000,NEON.D11.CLBJ.DP1.00033_2021_12_01_120006.jpg,0.32138,0.32182,downloaded
2021-12-02,DB_2000,NEON.D11.CLBJ.DP1.00033_2021_12_02_120005.jpg,0.32082,0.32185,downloaded
2021-12-03,DB_2000,NEON.D11.CLBJ.DP1.00033_2021_12_03_120006.jpg,0.32395,0.32298,downloaded
2021-12-04,DB_2000,NEON.D11.CLBJ.DP1.00033_2021_12_04_120005.jpg,0.32416,0.32368,downloaded
2021-12-05,DB_2000,NEON.D11.CLBJ.DP1.00033_2021_12_05_120006.jpg,0.32449,0.32434,downloaded
2021-12-06,DB_2000,NEON.D11.CLBJ.DP1.00033_2021_12_06_120006.jpg,0.32415,0.32452,downloaded
2021-12-07,DB_2000,NEON.D11.CLBJ.DP1.00033_2021_12_07_120005.jpg,0.32436,0.32436,downloaded
2021-12-08,DB_2000,NEON.D11.CLBJ.DP1.00033_2021_12_08_120006.jpg,0.32368,0.32323,downloaded
2021-12-09,DB_2000,NEON.D11.CLBJ.DP1.00033_2021_12_09_120006.jpg,0.32535,0.32547,downloaded
2021-12-10,DB_2000,NEON.D11.CLBJ.DP1.00033_2021_12_10_120006.jpg,0.32567,0.32611,downloaded
2021-12-11,DB_2000,NEON.D11.CLBJ.DP1.00033_2021_12_11_120006.jpg,0.32441,0.32489,downloaded
2021-12-12,DB_2000,NEON.D11.CLBJ.DP1.00033_2021_12_12_120006.jpg,0.32518,0.32564,downloaded
2021-12-13,DB_2000,,,,no_image
2021-12-14,DB_2000,NEON.D11.CLBJ.DP1.00033_2021_12_14_120005.jpg,0.32454,0.32604,downloaded
2021-12-15,DB_2000,NEON.D11.CLBJ.DP1.00033_2021_12_15_120006.jpg,0.32618,0.32627,downloaded
2021-12-16,DB_2000,NEON.D11.CLBJ.DP1.00033_2021_12_16_120006.jpg,0.32516,0.32504,downloaded
2021-12-17,DB_2000,NEON.D11.CLBJ.DP1.00033_2021_12_17_120006.jpg,0.32732,0.32648,downloaded
2021-12-18,DB_2000,NEON.D11.CLBJ.DP1.00033_2021_12_18_120005.jpg,0.32385,0.32450,downloaded
2021-12-19,DB_2000,NEON.D11.CLBJ.DP1.00033_2021_12_19_120006.jpg,0.32372,0.32460,downloaded
2021-12-20,DB_2000,NEON.D11.CLBJ.DP1.00033_2021_12_20_120006.jpg,0.32454,0.32522,downloaded
2021-12-21,DB_2000,NEON.D11.CLBJ.DP1.00033_2021_12_21_120006.jpg,0.32542,0.32538,downloaded
2021-12-22,DB_2000,NEON.D11.CLBJ.DP1.00033_2021_12_22_120006.jpg,0.32505,0.32520,downloaded
2021-12-23,DB_2000,NEON.D11.CLBJ.DP1.00033_2021_12_23_120005.jpg,0.32580,0.32588,downloaded
2021-12-24,DB_2000,NEON.D11.CLBJ.DP1.00033_2021_12_24_120005.jpg,0.32638,0.32674,downloaded
2021-12-25,DB_2000,NEON.D11.CLBJ.DP1.00033_2021_12_25_120005.jpg,0.32572,0.32608,downloaded
2021-12-26,DB_2000,NEON.D11.CLBJ.DP1.00033_2021_12_26_120005.jpg,0.32450,0.32611,downloaded
2021-12-27,DB_2000,NEON.D11.CLBJ.DP1.00033_2021_12_27_120006.jpg,0.32615,0.32662,downloaded
2021-12-28,DB_2000,NEON.D11.CLBJ.DP1.00033_2021_12_28_120006.jpg,0.32604,0.32627,downloaded
2021-12-29,DB_2000,NEON.D11.CLBJ.DP1.00033_2021_12_29_120006.jpg,0.32599,0.32655,downloaded
2021-12-30,DB_2000,NEON.D11.CLBJ.DP1.00033_2021_12_30_120006.jpg,0.32505,0.32576,downloaded
2021-12-31,DB_2000,,,,no_image
2022-01-01,DB_2000,NEON.D11.CLBJ.DP1.00033_2022_01_01_120005.jpg,0.32686,0.32544,downloaded
2022-01-02,DB_2000,NEON.D11.CLBJ.DP1.00033_2022_01_02_120005.jpg,0.32353,0.32421,downloaded
2022-01-03,DB_2000,NEON.D11.CLBJ.DP1.00033_2022_01_03_120006.jpg,0.32523,0.32572,downloaded
2022-01-04,DB_2000,,,,no_image
2022-01-05,DB_2000,NEON.D11.CLBJ.DP1.00033_2022_01_05_120006.jpg,0.32422,0.32522,downloaded
2022-01-06,DB_2000,NEON.D11.CLBJ.DP1.00033_2022_01_06_120006.jpg,0.32309,0.32348,downloaded
2022-01-07,DB_2000,NEON.D11.CLBJ.DP1.00033_2022_01_07_120005.jpg,0.32311,0.32387,downloaded
2022-01-08,DB_2000,NEON.D11.CLBJ.DP1.00033_2022_01_08_120006.jpg,0.32626,0.32621,downloaded
2022-01-09,DB_2000,NEON.D11.CLBJ.DP1.00033_2022_01_09_120006.jpg,0.32403,0.32449,downloaded
2022-01-10,DB_2000,NEON.D11.CLBJ.DP1.00033_2022_01_10_120006.jpg,0.32433,0.32528,downloaded
2022-01-11,DB_2000,NEON.D11.CLBJ.DP1.00033_2022_01_11_120006.jpg,0.32508,0.32567,downloaded
2022-01-12,DB_2000,NEON.D11.CLBJ.DP1.00033_2022_01_12_113006.jpg,0.32508,0.32562,downloaded
2022-01-13,DB_2000,NEON.D11.CLBJ.DP1.00033_2022_01_13_143006.jpg,0.32576,0.32671,downloaded
2022-01-14,DB_2000,NEON.D11.CLBJ.DP1.00033_2022_01_14_120005.jpg,0.32477,0.32503,downloaded
2022-01-15,DB_2000,NEON.D11.CLBJ.DP1.00033_2022_01_15_120006.jpg,0.32244,0.32229,downloaded
2022-01-16,DB_2000,NEON.D11.CLBJ.DP1.00033_2022_01_16_120005.jpg,0.32285,0.32402,downloaded
2022-01-17,DB_2000,NEON.D11.CLBJ.DP1.00033_2022_01_17_120006.jpg,0.32412,0.32505,downloaded
2022-01-18,DB_2000,NEON.D11.CLBJ.DP1.00033_2022_01_18_120005.jpg,0.32429,0.32511,downloaded
2022-01-19,DB_2000,NEON.D11.CLBJ.DP1.00033_2022_01_19_120006.jpg,0.32458,0.32380,downloaded
2022-01-20,DB_2000,NEON.D11.CLBJ.DP1.00033_2022_01_20_120006.jpg,0.32123,0.32215,downloaded
2022-01-21,DB_2000,NEON.D11.CLBJ.DP1.00033_2022_01_21_120006.jpg,0.32193,0.32298,downloaded
2022-01-22,DB_2000,NEON.D11.CLBJ.DP1.00033_2022_01_22_120006.jpg,0.32256,0.32376,downloaded
2022-01-23,DB_2000,NEON.D11.CLBJ.DP1.00033_2022_01_23_120006.jpg,0.32325,0.32423,downloaded
2022-01-24,DB_2000,NEON.D11.CLBJ.DP1.00033_2022_01_24_120006.jpg,0.32395,0.32462,downloaded
2022-01-25,DB_2000,NEON.D11.CLBJ.DP1.00033_2022_01_25_120006.jpg,0.32271,0.32396,downloaded
2022-01-26,DB_2000,NEON.D11.CLBJ.DP1.00033_2022_01_26_120006.jpg,0.32223,0.32094,downloaded
2022-01-27,DB_2000,NEON.D11.CLBJ.DP1.00033_2022_01_27_120006.jpg,0.32243,0.32166,downloaded
2022-01-28,DB_2000,NEON.D11.CLBJ.DP1.00033_2022_01_28_120005.jpg,0.32256,0.32358,downloaded
2022-01-29,DB_2000,NEON.D11.CLBJ.DP1.00033_2022_01_29_120005.jpg,0.32291,0.32296,downloaded
2022-01-30,DB_2000,NEON.D11.CLBJ.DP1.00033_2022_01_30_120006.jpg,0.32335,0.32387,downloaded
2022-01-31,DB_2000,NEON.D11.CLBJ.DP1.00033_2022_01_31_120006.jpg,0.32376,0.32456,downloaded
2022-02-01,DB_2000,NEON.D11.CLBJ.DP1.00033_2022_02_01_120005.jpg,0.32411,0.32393,downloaded
2022-02-02,DB_2000,NEON.D11.CLBJ.DP1.00033_2022_02_02_120005.jpg,0.32372,0.32354,downloaded
2022-02-03,DB_2000,NEON.D11.CLBJ.DP1.00033_2022_02_03_120006.jpg,0.32131,0.32017,downloaded
2022-02-04,DB_2000,NEON.D11.CLBJ.DP1.00033_2022_02_04_120006.jpg,0.32138,0.32160,downloaded
2022-02-05,DB_2000,NEON.D11.CLBJ.DP1.00033_2022_02_05_120005.jpg,0.32280,0.32282,downloaded
2022-02-06,DB_2000,NEON.D11.CLBJ.DP1.00033_2022_02_06_120005.jpg,0.32221,0.32321,downloaded
2022-02-07,DB_2000,NEON.D11.CLBJ.DP1.00033_2022_02_07_120006.jpg,0.32201,0.32315,downloaded
2022-02-08,DB_2000,NEON.D11.CLBJ.DP1.00033_2022_02_08_120006.jpg,0.32247,0.32362,downloaded
2022-02-09,DB_2000,NEON.D11.CLBJ.DP1.00033_2022_02_09_120006.jpg,0.32239,0.32341,downloaded
2022-02-10,DB_2000,NEON.D11.CLBJ.DP1.00033_2022_02_10_120005.jpg,0.32335,0.32375,downloaded
2022-02-11,DB_2000,NEON.D11.CLBJ.DP1.00033_2022_02_11_120006.jpg,0.32240,0.32369,downloaded
2022-02-12,DB_2000,NEON.D11.CLBJ.DP1.00033_2022_02_12_120006.jpg,0.32211,0.32191,downloaded
2022-02-13,DB_2000,NEON.D11.CLBJ.DP1.00033_2022_02_13_120006.jpg,0.32178,0.32295,downloaded
2022-02-14,DB_2000,NEON.D11.CLBJ.DP1.00033_2022_02_14_120005.jpg,0.32229,0.32332,downloaded
2022-02-15,DB_2000,NEON.D11.CLBJ.DP1.00033_2022_02_15_120006.jpg,0.32206,0.32323,downloaded
2022-02-16,DB_2000,NEON.D11.CLBJ.DP1.00033_2022_02_16_120006.jpg,0.32371,0.32393,downloaded
2022-02-17,DB_2000,NEON.D11.CLBJ.DP1.00033_2022_02_17_120005.jpg,0.32161,0.32180,downloaded
2022-02-18,DB_2000,NEON.D11.CLBJ.DP1.00033_2022_02_18_120005.jpg,0.32159,0.32189,downloaded
2022-02-19,DB_2000,NEON.D11.CLBJ.DP1.00033_2022_02_19_120006.jpg,0.32298,0.32307,downloaded
2022-02-20,DB_2000,NEON.D11.CLBJ.DP1.00033_2022_02_20_120006.jpg,0.32261,0.32304,downloaded
2022-02-21,DB_2000,NEON.D11.CLBJ.DP1.00033_2022_02_21_120005.jpg,0.32357,0.32372,downloaded
2022-02-22,DB_2000,NEON.D11.CLBJ.DP1.00033_2022_02_22_120005.jpg,0.32050,0.32139,downloaded
2022-02-23,DB_2000,NEON.D11.CLBJ.DP1.00033_2022_02_23_120006.jpg,0.32164,0.32205,downloaded
2022-02-24,DB_2000,NEON.D11.CLBJ.DP1.00033_2022_02_24_120005.jpg,0.32203,0.32150,downloaded
2022-02-25,DB_2000,NEON.D11.CLBJ.DP1.00033_2022_02_25_120006.jpg,0.32136,0.32130,downloaded
2022-02-26,DB_2000,NEON.D11.CLBJ.DP1.00033_2022_02_26_120005.jpg,0.32271,0.32209,downloaded
2022-02-27,DB_2000,NEON.D11.CLBJ.DP1.00033_2022_02_27_120006.jpg,0.32088,0.32151,downloaded
2022-02-28,DB_2000,NEON.D11.CLBJ.DP1.00033_2022_02_28_120006.jpg,0.32133,0.32206,downloaded
2022-03-01,DB_2000,NEON.D11.CLBJ.DP1.00033_2022_03_01_120005.jpg,0.32232,0.32276,downloaded
2022-03-02,DB_2000,NEON.D11.CLBJ.DP1.00033_2022_03_02_120006.jpg,0.32196,0.32300,downloaded
2022-03-03,DB_2000,NEON.D11.CLBJ.DP1.00033_2022_03_03_120006.jpg,0.32255,0.32302,downloaded
2022-03-04,DB_2000,NEON.D11.CLBJ.DP1.00033_2022_03_04_120006.jpg,0.32233,0.32348,downloaded
2022-03-05,DB_2000,NEON.D11.CLBJ.DP1.00033_2022_03_05_120006.jpg,0.32313,0.32386,downloaded
2022-03-06,DB_2000,NEON.D11.CLBJ.DP1.00033_2022_03_06_120006.jpg,0.32580,0.32413,downloaded
2022-03-07,DB_2000,NEON.D11.CLBJ.DP1.00033_2022_03_07_120006.jpg,0.32080,0.32178,downloaded
2022-03-08,DB_2000,NEON.D11.CLBJ.DP1.00033_2022_03_08_120006.jpg,0.32289,0.32232,downloaded
2022-03-09,DB_2000,NEON.D11.CLBJ.DP1.00033_2022_03_09_120006.jpg,0.32159,0.32243,downloaded
2022-03-10,DB_2000,NEON.D11.CLBJ.DP1.00033_2022_03_10_120006.jpg,0.32212,0.32273,downloaded
2022-03-11,DB_2000,NEON.D11.CLBJ.DP1.00033_2022_03_11_120005.jpg,0.32191,0.32182,downloaded
2022-03-12,DB_2000,NEON.D11.CLBJ.DP1.00033_2022_03_12_120005.jpg,0.32135,0.32196,downloaded
2022-03-13,DB_2000,NEON.D11.CLBJ.DP1.00033_2022_03_13_120005.jpg,0.32153,0.32220,downloaded
2022-03-14,DB_2000,NEON.D11.CLBJ.DP1.00033_2022_03_14_120006.jpg,0.32268,0.32312,downloaded
2022-03-15,DB_2000,NEON.D11.CLBJ.DP1.00033_2022_03_15_120005.jpg,0.32215,0.32273,downloaded
2022-03-16,DB_2000,NEON.D11.CLBJ.DP1.00033_2022_03_16_120005.jpg,0.32249,0.32303,downloaded
2022-03-17,DB_2000,NEON.D11.CLBJ.DP1.00033_2022_03_17_120005.jpg,0.32298,0.32345,downloaded
2022-03-18,DB_2000,NEON.D11.CLBJ.DP1.00033_2022_03_18_120006.jpg,0.32123,0.32245,downloaded
2022-03-19,DB_2000,NEON.D11.CLBJ.DP1.00033_2022_03_19_120006.jpg,0.32241,0.32312,downloaded
2022-03-20,DB_2000,NEON.D11.CLBJ.DP1.00033_2022_03_20_120006.jpg,0.32255,0.32319,downloaded
2022-03-21,DB_2000,NEON.D11.CLBJ.DP1.00033_2022_03_21_120005.jpg,0.32733,0.32901,downloaded
2022-03-22,DB_2000,NEON.D11.CLBJ.DP1.00033_2022_03_22_120006.jpg,0.32321,0.32341,downloaded
2022-03-23,DB_2000,NEON.D11.CLBJ.DP1.00033_2022_03_23_120005.jpg,0.32219,0.32335,downloaded
2022-03-24,DB_2000,NEON.D11.CLBJ.DP1.00033_2022_03_24_120006.jpg,0.32280,0.32361,downloaded
2022-03-25,DB_2000,NEON.D11.CLBJ.DP1.00033_2022_03_25_120005.jpg,0.32380,0.32450,downloaded
2022-03-26,DB_2000,NEON.D11.CLBJ.DP1.00033_2022_03_26_120006.jpg,0.32392,0.32464,downloaded
2022-03-27,DB_2000,NEON.D11.CLBJ.DP1.00033_2022_03_27_120006.jpg,0.32405,0.32501,downloaded
2022-03-28,DB_2000,NEON.D11.CLBJ.DP1.00033_2022_03_28_120005.jpg,0.32443,0.32530,downloaded
2022-03-29,DB_2000,NEON.D11.CLBJ.DP1.00033_2022_03_29_120006.jpg,0.32537,0.32550,downloaded
2022-03-30,DB_2000,NEON.D11.CLBJ.DP1.00033_2022_03_30_120006.jpg,0.32425,0.32433,downloaded
2022-03-31,DB_2000,NEON.D11.CLBJ.DP1.00033_2022_03_31_120006.jpg,0.32324,0.32438,downloaded
2022-04-01,DB_2000,NEON.D11.CLBJ.DP1.00033_2022_04_01_120006.jpg,0.32494,0.32520,downloaded
2022-04-02,DB_2000,NEON.D11.CLBJ.DP1.00033_2022_04_02_120006.jpg,0.32476,0.32542,downloaded
2022-04-03,DB_2000,NEON.D11.CLBJ.DP1.00033_2022_04_03_120006.jpg,0.32564,0.32645,downloaded
2022-04-04,DB_2000,NEON.D11.CLBJ.DP1.00033_2022_04_04_120005.jpg,0.32720,0.32789,downloaded
2022-04-05,DB_2000,NEON.D11.CLBJ.DP1.00033_2022_04_05_120006.jpg,0.32717,0.32816,downloaded
2022-04-06,DB_2000,NEON.D11.CLBJ.DP1.00033_2022_04_06_120005.jpg,0.32730,0.32777,downloaded
2022-04-07,DB_2000,NEON.D11.CLBJ.DP1.00033_2022_04_07_120005.jpg,0.32726,0.32696,downloaded
2022-04-08,DB_2000,NEON.D11.CLBJ.DP1.00033_2022_04_08_120005.jpg,0.32691,0.32735,downloaded
2022-04-09,DB_2000,NEON.D11.CLBJ.DP1.00033_2022_04_09_120006.jpg,0.32831,0.32868,downloaded
2022-04-10,DB_2000,NEON.D11.CLBJ.DP1.00033_2022_04_10_120005.jpg,0.33102,0.33164,downloaded
2022-04-11,DB_2000,NEON.D11.CLBJ.DP1.00033_2022_04_11_120006.jpg,0.33500,0.33505,downloaded
2022-04-12,DB_2000,NEON.D11.CLBJ.DP1.00033_2022_04_12_120006.jpg,0.33805,0.33875,downloaded
2022-04-13,DB_2000,NEON.D11.CLBJ.DP1.00033_2022_04_13_120006.jpg,0.34138,0.34098,downloaded
2022-04-14,DB_2000,NEON.D11.CLBJ.DP1.00033_2022_04_14_120006.jpg,0.34179,0.34138,downloaded
2022-04-15,DB_2000,NEON.D11.CLBJ.DP1.00033_2022_04_15_120006.jpg,0.34560,0.34534,downloaded
2022-04-16,DB_2000,NEON.D11.CLBJ.DP1.00033_2022_04_16_120006.jpg,0.34931,0.34917,downloaded
2022-04-17,DB_2000,NEON.D11.CLBJ.DP1.00033_2022_04_17_120006.jpg,0.35031,0.35078,downloaded
2022-04-18,DB_2000,NEON.D11.CLBJ.DP1.00033_2022_04_18_120005.jpg,0.35605,0.35408,downloaded
2022-04-19,DB_2000,NEON.D11.CLBJ.DP1.00033_2022_04_19_120005.jpg,0.35700,0.35737,downloaded
2022-04-20,DB_2000,NEON.D11.CLBJ.DP1.00033_2022_04_20_120005.jpg,0.36878,0.36551,downloaded
2022-04-21,DB_2000,NEON.D11.CLBJ.DP1.00033_2022_04_21_120005.jpg,0.37103,0.36916,downloaded
2022-04-22,DB_2000,NEON.D11.CLBJ.DP1.00033_2022_04_22_120006.jpg,0.36594,0.37343,downloaded
2022-04-23,DB_2000,NEON.D11.CLBJ.DP1.00033_2022_04_23_120006.jpg,0.37796,0.37815,downloaded
2022-04-24,DB_2000,NEON.D11.CLBJ.DP1.00033_2022_04_24_120005.jpg,0.40662,0.39179,downloaded
2022-04-25,DB_2000,NEON.D11.CLBJ.DP1.00033_2022_04_25_120005.jpg,0.39331,0.38299,downloaded
2022-04-26,DB_2000,NEON.D11.CLBJ.DP1.00033_2022_04_26_120006.jpg,0.39865,0.39094,downloaded
2022-04-27,DB_2000,NEON.D11.CLBJ.DP1.00033_2022_04_27_120006.jpg,0.39621,0.38528,downloaded
2022-04-28,DB_2000,NEON.D11.CLBJ.DP1.00033_2022_04_28_120005.jpg,0.38205,0.38500,downloaded
2022-04-29,DB_2000,NEON.D11.CLBJ.DP1.00033_2022_04_29_120006.jpg,0.38260,0.38410,downloaded
2022-04-30,DB_2000,NEON.D11.CLBJ.DP1.00033_2022_04_30_120006.jpg,0.40313,0.39454,downloaded
2022-05-01,DB_2000,NEON.D11.CLBJ.DP1.00033_2022_05_01_120006.jpg,0.39712,0.38912,downloaded
2022-05-02,DB_2000,NEON.D11.CLBJ.DP1.00033_2022_05_02_120006.jpg,0.38458,0.38585,downloaded
2022-05-03,DB_2000,NEON.D11.CLBJ.DP1.00033_2022_05_03_120006.jpg,0.38054,0.38143,downloaded
2022-05-04,DB_2000,NEON.D11.CLBJ.DP1.00033_2022_05_04_120005.jpg,0.37239,0.37737,downloaded
2022-05-05,DB_2000,NEON.D11.CLBJ.DP1.00033_2022_05_05_120006.jpg,0.38009,0.38285,downloaded
2022-05-06,DB_2000,NEON.D11.CLBJ.DP1.00033_2022_05_06_120005.jpg,0.40024,0.39120,downloaded
2022-05-07,DB_2000,NEON.D11.CLBJ.DP1.00033_2022_05_07_120006.jpg,0.39239,0.38599,downloaded
2022-05-08,DB_2000,NEON.D11.CLBJ.DP1.00033_2022_05_08_120005.jpg,0.39282,0.38453,downloaded
2022-05-09,DB_2000,NEON.D11.CLBJ.DP1.00033_2022_05_09_120006.jpg,0.38931,0.38078,downloaded
2022-05-10,DB_2000,NEON.D11.CLBJ.DP1.00033_2022_05_10_120005.jpg,0.38393,0.37908,downloaded
2022-05-11,DB_2000,NEON.D11.CLBJ.DP1.00033_2022_05_11_120005.jpg,0.37613,0.38140,downloaded
2022-05-12,DB_2000,NEON.D11.CLBJ.DP1.00033_2022_05_12_120006.jpg,0.39080,0.38211,downloaded
2022-05-13,DB_2000,NEON.D11.CLBJ.DP1.00033_2022_05_13_120005.jpg,0.39052,0.38286,downloaded
2022-05-14,DB_2000,NEON.D11.CLBJ.DP1.00033_2022_05_14_120005.jpg,0.38895,0.38250,downloaded
2022-05-15,DB_2000,NEON.D11.CLBJ.DP1.00033_2022_05_15_120006.jpg,0.38915,0.38108,downloaded
2022-05-16,DB_2000,NEON.D11.CLBJ.DP1.00033_2022_05_16_120006.jpg,0.38794,0.38054,downloaded
2022-05-17,DB_2000,NEON.D11.CLBJ.DP1.00033_2022_05_17_120006.jpg,0.38155,0.37417,downloaded
2022-05-18,DB_2000,NEON.D11.CLBJ.DP1.00033_2022_05_18_120006.jpg,0.38538,0.37840,downloaded
2022-05-19,DB_2000,NEON.D11.CLBJ.DP1.00033_2022_05_19_120006.jpg,0.38527,0.37736,downloaded
2022-05-20,DB_2000,NEON.D11.CLBJ.DP1.00033_2022_05_20_120006.jpg,0.37984,0.37301,downloaded
2022-05-21,DB_2000,NEON.D11.CLBJ.DP1.00033_2022_05_21_120005.jpg,0.37733,0.37023,downloaded
2022-05-22,DB_2000,NEON.D11.CLBJ.DP1.00033_2022_05_22_120006.jpg,0.36687,0.36853,downloaded
2022-05-23,DB_2000,NEON.D11.CLBJ.DP1.00033_2022_05_23_120006.jpg,0.36775,0.36691,downloaded
2022-05-24,DB_2000,NEON.D11.CLBJ.DP1.00033_2022_05_24_120006.jpg,0.37271,0.36999,downloaded
2022-05-25,DB_2000,NEON.D11.CLBJ.DP1.00033_2022_05_25_120006.jpg,0.37848,0.36919,downloaded
2022-05-26,DB_2000,NEON.D11.CLBJ.DP1.00033_2022_05_26_120005.jpg,0.38610,0.37971,downloaded
2022-05-27,DB_2000,NEON.D11.CLBJ.DP1.00033_2022_05_27_120005.jpg,0.38795,0.38071,downloaded
2022-05-28,DB_2000,NEON.D11.CLBJ.DP1.00033_2022_05_28_120006.jpg,0.38415,0.37691,downloaded
2022-05-29,DB_2000,NEON.D11.CLBJ.DP1.00033_2022_05_29_120006.jpg,0.38442,0.37470,downloaded
2022-05-30,DB_2000,NEON.D11.CLBJ.DP1.00033_2022_05_30_120005.jpg,0.37415,0.37068,downloaded
2022-05-31,DB_2000,NEON.D11.CLBJ.DP1.00033_2022_05_31_120006.jpg,0.36779,0.37067,downloaded
2022-06-01,DB_2000,NEON.D11.CLBJ.DP1.00033_2022_06_01_120005.jpg,0.37994,0.37022,downloaded
2022-06-02,DB_2000,NEON.D11.CLBJ.DP1.00033_2022_06_02_120006.jpg,0.36641,0.36986,downloaded
2022-06-03,DB_2000,NEON.D11.CLBJ.DP1.00033_2022_06_03_120006.jpg,0.37424,0.36780,downloaded
2022-06-04,DB_2000,NEON.D11.CLBJ.DP1.00033_2022_06_04_120006.jpg,0.36724,0.37247,downloaded
2022-06-05,DB_2000,NEON.D11.CLBJ.DP1.00033_2022_06_05_120005.jpg,0.37928,0.37493,downloaded
2022-06-06,DB_2000,NEON.D11.CLBJ.DP1.00033_2022_06_06_120005.jpg,0.38521,0.37785,downloaded
2022-06-07,DB_2000,NEON.D11.CLBJ.DP1.00033_2022_06_07_120006.jpg,0.37936,0.37375,downloaded
2022-06-08,DB_2000,NEON.D11.CLBJ.DP1.00033_2022_06_08_120006.jpg,0.37024,0.36997,downloaded
2022-06-09,DB_2000,NEON.D11.CLBJ.DP1.00033_2022_06_09_120005.jpg,0.36758,0.37243,downloaded
2022-06-10,DB_2000,NEON.D11.CLBJ.DP1.00033_2022_06_10_120005.jpg,0.38489,0.37688,downloaded
2022-06-11,DB_2000,NEON.D11.CLBJ.DP1.00033_2022_06_11_120006.jpg,0.38337,0.37701,downloaded
2022-06-12,DB_2000,NEON.D11.CLBJ.DP1.00033_2022_06_12_120006.jpg,0.38247,0.37633,downloaded
2022-06-13,DB_2000,NEON.D11.CLBJ.DP1.00033_2022_06_13_120006.jpg,0.38113,0.37384,downloaded
2022-06-14,DB_2000,NEON.D11.CLBJ.DP1.00033_2022_06_14_120006.jpg,0.37772,0.37068,downloaded
2022-06-15,DB_2000,NEON.D11.CLBJ.DP1.00033_2022_06_15_120005.jpg,0.36542,0.36688,downloaded
2022-06-16,DB_2000,NEON.D11.CLBJ.DP1.00033_2022_06_16_120005.jpg,0.36673,0.36763,downloaded
2022-06-17,DB_2000,NEON.D11.CLBJ.DP1.00033_2022_06_17_120006.jpg,0.37903,0.37225,downloaded
2022-06-18,DB_2000,NEON.D11.CLBJ.DP1.00033_2022_06_18_120006.jpg,0.37865,0.37250,downloaded
2022-06-19,DB_2000,NEON.D11.CLBJ.DP1.00033_2022_06_19_120006.jpg,0.37679,0.37189,downloaded
2022-06-20,DB_2000,NEON.D11.CLBJ.DP1.00033_2022_06_20_120006.jpg,0.37965,0.37391,downloaded
2022-06-21,DB_2000,NEON.D11.CLBJ.DP1.00033_2022_06_21_120006.jpg,0.37087,0.37038,downloaded
2022-06-22,DB_2000,NEON.D11.CLBJ.DP1.00033_2022_06_22_120006.jpg,0.36730,0.37163,downloaded
2022-06-23,DB_2000,NEON.D11.CLBJ.DP1.00033_2022_06_23_120006.jpg,0.37824,0.37275,downloaded
2022-06-24,DB_2000,NEON.D11.CLBJ.DP1.00033_2022_06_24_120005.jpg,0.37795,0.37164,downloaded
2022-06-25,DB_2000,NEON.D11.CLBJ.DP1.00033_2022_06_25_120006.jpg,0.37890,0.37328,downloaded
2022-06-26,DB_2000,NEON.D11.CLBJ.DP1.00033_2022_06_26_120006.jpg,0.37514,0.37103,downloaded
2022-06-27,DB_2000,NEON.D11.CLBJ.DP1.00033_2022_06_27_120005.jpg,0.37208,0.36842,downloaded
2022-06-28,DB_2000,NEON.D11.CLBJ.DP1.00033_2022_06_28_120006.jpg,0.36388,0.36451,downloaded
2022-06-29,DB_2000,NEON.D11.CLBJ.DP1.00033_2022_06_29_120005.jpg,0.37831,0.37215,downloaded
2022-06-30,DB_2000,NEON.D11.CLBJ.DP1.00033_2022_06_30_120006.jpg,0.37445,0.37066,downloaded
2022-07-01,DB_2000,NEON.D11.CLBJ.DP1.00033_2022_07_01_120006.jpg,0.37678,0.37258,downloaded
2022-07-02,DB_2000,NEON.D11.CLBJ.DP1.00033_2022_07_02_120006.jpg,0.37388,0.37175,downloaded
2022-07-03,DB_2000,NEON.D11.CLBJ.DP1.00033_2022_07_03_120006.jpg,0.35688,0.36591,downloaded
2022-07-04,DB_2000,NEON.D11.CLBJ.DP1.00033_2022_07_04_120006.jpg,0.37986,0.37360,downloaded
2022-07-05,DB_2000,NEON.D11.CLBJ.DP1.00033_2022_07_05_120005.jpg,0.38000,0.37351,downloaded
2022-07-06,DB_2000,NEON.D11.CLBJ.DP1.00033_2022_07_06_120006.jpg,0.37836,0.37165,downloaded
2022-07-07,DB_2000,NEON.D11.CLBJ.DP1.00033_2022_07_07_120006.jpg,0.37780,0.37234,downloaded
2022-07-08,DB_2000,NEON.D11.CLBJ.DP1.00033_2022_07_08_120006.jpg,0.37746,0.37179,downloaded
2022-07-09,DB_2000,NEON.D11.CLBJ.DP1.00033_2022_07_09_120006.jpg,0.37607,0.36891,downloaded
2022-07-10,DB_2000,NEON.D11.CLBJ.DP1.00033_2022_07_10_120006.jpg,0.37733,0.37288,downloaded
2022-07-11,DB_2000,NEON.D11.CLBJ.DP1.00033_2022_07_11_120005.jpg,0.37633,0.37159,downloaded
2022-07-12,DB_2000,NEON.D11.CLBJ.DP1.00033_2022_07_12_120006.jpg,0.37470,0.37004,downloaded
2022-07-13,DB_2000,NEON.D11.CLBJ.DP1.00033_2022_07_13_120005.jpg,0.37572,0.36818,downloaded
2022-07-14,DB_2000,NEON.D11.CLBJ.DP1.00033_2022_07_14_120006.jpg,0.37479,0.36948,downloaded
2022-07-15,DB_2000,NEON.D11.CLBJ.DP1.00033_2022_07_15_120006.jpg,0.37440,0.36974,downloaded
2022-07-16,DB_2000,NEON.D11.CLBJ.DP1.00033_2022_07_16_120006.jpg,0.37468,0.36998,downloaded
2022-07-17,DB_2000,NEON.D11.CLBJ.DP1.00033_2022_07_17_120005.jpg,0.37172,0.36620,downloaded
2022-07-18,DB_2000,NEON.D11.CLBJ.DP1.00033_2022_07_18_120005.jpg,0.37300,0.36638,downloaded
2022-07-19,DB_2000,NEON.D11.CLBJ.DP1.00033_2022_07_19_120006.jpg,0.37296,0.36699,downloaded
2022-07-20,DB_2000,NEON.D11.CLBJ.DP1.00033_2022_07_20_120006.jpg,0.36992,0.36352,downloaded
2022-07-21,DB_2000,NEON.D11.CLBJ.DP1.00033_2022_07_21_120005.jpg,0.36337,0.36526,downloaded
2022-07-22,DB_2000,NEON.D11.CLBJ.DP1.00033_2022_07_22_120006.jpg,0.36945,0.36451,downloaded
2022-07-23,DB_2000,NEON.D11.CLBJ.DP1.00033_2022_07_23_120006.jpg,0.37067,0.36787,downloaded
2022-07-24,DB_2000,NEON.D11.CLBJ.DP1.00033_2022_07_24_120006.jpg,0.36970,0.36648,downloaded
2022-07-25,DB_2000,NEON.D11.CLBJ.DP1.00033_2022_07_25_120006.jpg,0.37095,0.36547,downloaded
2022-07-26,DB_2000,NEON.D11.CLBJ.DP1.00033_2022_07_26_120005.jpg,0.37109,0.36783,downloaded
2022-07-27,DB_2000,NEON.D11.CLBJ.DP1.00033_2022_07_27_120006.jpg,0.37095,0.36709,downloaded
2022-07-28,DB_2000,NEON.D11.CLBJ.DP1.00033_2022_07_28_120005.jpg,0.37087,0.36565,downloaded
2022-07-29,DB_2000,NEON.D11.CLBJ.DP1.00033_2022_07_29_120005.jpg,0.35778,0.36454,downloaded
2022-07-30,DB_2000,NEON.D11.CLBJ.DP1.00033_2022_07_30_120005.jpg,0.36765,0.36474,downloaded
2022-07-31,DB_2000,NEON.D11.CLBJ.DP1.00033_2022_07_31_120006.jpg,0.36876,0.36525,downloaded
2022-08-01,DB_2000,,,,no_image
2022-08-02,DB_2000,,,,no_image
2022-08-03,DB_2000,NEON.D11.CLBJ.DP1.00033_2022_08_03_120006.jpg,0.37114,0.36929,downloaded
2022-08-04,DB_2000,NEON.D11.CLBJ.DP1.00033_2022_08_04_120005.jpg,0.36700,0.36480,downloaded
2022-08-05,DB_2000,NEON.D11.CLBJ.DP1.00033_2022_08_05_120006.jpg,0.37038,0.36635,downloaded
2022-08-06,DB_2000,NEON.D11.CLBJ.DP1.00033_2022_08_06_120005.jpg,0.37122,0.36651,downloaded
2022-08-07,DB_2000,NEON.D11.CLBJ.DP1.00033_2022_08_07_120006.jpg,0.36930,0.36594,downloaded
2022-08-08,DB_2000,NEON.D11.CLBJ.DP1.00033_2022_08_08_120005.jpg,0.36510,0.36254,downloaded
2022-08-09,DB_2000,NEON.D11.CLBJ.DP1.00033_2022_08_09_120005.jpg,0.35900,0.35887,downloaded
2022-08-10,DB_2000,NEON.D11.CLBJ.DP1.00033_2022_08_10_120005.jpg,0.36911,0.36536,downloaded
2022-08-11,DB_2000,NEON.D11.CLBJ.DP1.00033_2022_08_11_120006.jpg,0.36336,0.36475,downloaded
2022-08-12,DB_2000,NEON.D11.CLBJ.DP1.00033_2022_08_12_120005.jpg,0.36815,0.36438,downloaded
2022-08-13,DB_2000,NEON.D11.CLBJ.DP1.00033_2022_08_13_120006.jpg,0.36770,0.36444,downloaded
2022-08-14,DB_2000,NEON.D11.CLBJ.DP1.00033_2022_08_14_120006.jpg,0.36974,0.36651,downloaded
2022-08-15,DB_2000,NEON.D11.CLBJ.DP1.00033_2022_08_15_120006.jpg,0.37003,0.36601,downloaded
2022-08-16,DB_2000,NEON.D11.CLBJ.DP1.00033_2022_08_16_120006.jpg,0.36016,0.36325,downloaded
2022-08-17,DB_2000,NEON.D11.CLBJ.DP1.00033_2022_08_17_120006.jpg,0.36968,0.36543,downloaded
2022-08-18,DB_2000,NEON.D11.CLBJ.DP1.00033_2022_08_18_120006.jpg,0.36512,0.36240,downloaded
2022-08-19,DB_2000,NEON.D11.CLBJ.DP1.00033_2022_08_19_120005.jpg,0.36658,0.36061,downloaded
2022-08-20,DB_2000,NEON.D11.CLBJ.DP1.00033_2022_08_20_120006.jpg,0.36255,0.36393,downloaded
2022-08-21,DB_2000,NEON.D11.CLBJ.DP1.00033_2022_08_21_120006.jpg,0.36293,0.36476,downloaded
2022-08-22,DB_2000,NEON.D11.CLBJ.DP1.00033_2022_08_22_120006.jpg,0.36615,0.36830,downloaded
2022-08-23,DB_2000,NEON.D11.CLBJ.DP1.00033_2022_08_23_120006.jpg,0.36346,0.36519,downloaded
2022-08-24,DB_2000,NEON.D11.CLBJ.DP1.00033_2022_08_24_120006.jpg,0.36802,0.36557,downloaded
2022-08-25,DB_2000,NEON.D11.CLBJ.DP1.00033_2022_08_25_120006.jpg,0.36508,0.37112,downloaded
2022-08-26,DB_2000,NEON.D11.CLBJ.DP1.00033_2022_08_26_120006.jpg,0.36392,0.36780,downloaded
2022-08-27,DB_2000,NEON.D11.CLBJ.DP1.00033_2022_08_27_120005.jpg,0.37434,0.37169,downloaded
2022-08-28,DB_2000,NEON.D11.CLBJ.DP1.00033_2022_08_28_120006.jpg,0.37694,0.37292,downloaded
2022-08-29,DB_2000,NEON.D11.CLBJ.DP1.00033_2022_08_29_120006.jpg,0.36765,0.36994,downloaded
2022-08-30,DB_2000,NEON.D11.CLBJ.DP1.00033_2022_08_30_120006.jpg,0.36302,0.36328,downloaded
2022-08-31,DB_2000,NEON.D11.CLBJ.DP1.00033_2022_08_31_120006.jpg,0.36523,0.36531,downloaded
2022-09-01,DB_2000,NEON.D11.CLBJ.DP1.00033_2022_09_01_120006.jpg,0.36397,0.36599,downloaded
2022-09-02,DB_2000,NEON.D11.CLBJ.DP1.00033_2022_09_02_120006.jpg,0.37503,0.36924,downloaded
2022-09-03,DB_2000,NEON.D11.CLBJ.DP1.00033_2022_09_03_120006.jpg,0.36485,0.37007,downloaded
2022-09-04,DB_2000,NEON.D11.CLBJ.DP1.00033_2022_09_04_120006.jpg,0.36985,0.36441,downloaded
2022-09-05,DB_2000,NEON.D11.CLBJ.DP1.00033_2022_09_05_120005.jpg,0.37449,0.36905,downloaded
2022-09-06,DB_2000,NEON.D11.CLBJ.DP1.00033_2022_09_06_120005.jpg,0.37483,0.36964,downloaded
2022-09-07,DB_2000,NEON.D11.CLBJ.DP1.00033_2022_09_07_120005.jpg,0.36067,0.36875,downloaded
2022-09-08,DB_2000,NEON.D11.CLBJ.DP1.00033_2022_09_08_120006.jpg,0.36285,0.36877,downloaded
2022-09-09,DB_2000,NEON.D11.CLBJ.DP1.00033_2022_09_09_120006.jpg,0.37236,0.36724,downloaded
2022-09-10,DB_2000,NEON.D11.CLBJ.DP1.00033_2022_09_10_120006.jpg,0.37318,0.36887,downloaded
2022-09-11,DB_2000,NEON.D11.CLBJ.DP1.00033_2022_09_11_120006.jpg,0.36856,0.36782,downloaded
2022-09-12,DB_2000,NEON.D11.CLBJ.DP1.00033_2022_09_12_120006.jpg,0.37349,0.36886,downloaded
2022-09-13,DB_2000,NEON.D11.CLBJ.DP1.00033_2022_09_13_120006.jpg,0.37293,0.36866,downloaded
2022-09-14,DB_2000,NEON.D11.CLBJ.DP1.00033_2022_09_14_120006.jpg,0.37140,0.36657,downloaded
2022-09-15,DB_2000,NEON.D11.CLBJ.DP1.00033_2022_09_15_120006.jpg,0.37176,0.36743,downloaded
2022-09-16,DB_2000,NEON.D11.CLBJ.DP1.00033_2022_09_16_120005.jpg,0.37053,0.36645,downloaded
2022-09-17,DB_2000,NEON.D11.CLBJ.DP1.00033_2022_09_17_120006.jpg,0.36158,0.36576,downloaded
2022-09-18,DB_2000,NEON.D11.CLBJ.DP1.00033_2022_09_18_120005.jpg,0.37201,0.36790,downloaded
2022-09-19,DB_2000,NEON.D11.CLBJ.DP1.00033_2022_09_19_120006.jpg,0.35948,0.36534,downloaded
2022-09-20,DB_2000,NEON.D11.CLBJ.DP1.00033_2022_09_20_120006.jpg,0.36901,0.36545,downloaded
2022-09-21,DB_2000,NEON.D11.CLBJ.DP1.00033_2022_09_21_120005.jpg,0.36949,0.36593,downloaded
2022-09-22,DB_2000,NEON.D11.CLBJ.DP1.00033_2022_09_22_120006.jpg,0.36976,0.36339,downloaded
2022-09-23,DB_2000,NEON.D11.CLBJ.DP1.00033_2022_09_23_120006.jpg,0.36921,0.36531,downloaded
2022-09-24,DB_2000,NEON.D11.CLBJ.DP1.00033_2022_09_24_120005.jpg,0.36647,0.36493,downloaded
2022-09-25,DB_2000,NEON.D11.CLBJ.DP1.00033_2022_09_25_120006.jpg,0.36883,0.36456,downloaded
2022-09-26,DB_2000,NEON.D11.CLBJ.DP1.00033_2022_09_26_120005.jpg,0.36776,0.36425,downloaded
2022-09-27,DB_2000,NEON.D11.CLBJ.DP1.00033_2022_09_27_120006.jpg,0.36736,0.36408,downloaded
2022-09-28,DB_2000,NEON.D11.CLBJ.DP1.00033_2022_09_28_120006.jpg,0.36675,0.36347,downloaded
2022-09-29,DB_2000,NEON.D11.CLBJ.DP1.00033_2022_09_29_120006.jpg,0.36577,0.36261,downloaded
2022-09-30,DB_2000,NEON.D11.CLBJ.DP1.00033_2022_09_30_120006.jpg,0.36469,0.36169,downloaded
2022-10-01,DB_2000,NEON.D11.CLBJ.DP1.00033_2022_10_01_120006.jpg,0.36403,0.36083,downloaded
2022-10-02,DB_2000,NEON.D11.CLBJ.DP1.00033_2022_10_02_120005.jpg,0.36337,0.36034,downloaded
2022-10-03,DB_2000,NEON.D11.CLBJ.DP1.00033_2022_10_03_120006.jpg,0.36288,0.35992,downloaded
2022-10-04,DB_2000,NEON.D11.CLBJ.DP1.00033_2022_10_04_120006.jpg,0.36225,0.35950,downloaded
2022-10-05,DB_2000,NEON.D11.CLBJ.DP1.00033_2022_10_05_120006.jpg,0.36107,0.35826,downloaded
2022-10-06,DB_2000,NEON.D11.CLBJ.DP1.00033_2022_10_06_120006.jpg,0.35946,0.35736,downloaded
2022-10-07,DB_2000,NEON.D11.CLBJ.DP1.00033_2022_10_07_120005.jpg,0.35598,0.35541,downloaded
2022-10-08,DB_2000,NEON.D11.CLBJ.DP1.00033_2022_10_08_120006.jpg,0.35508,0.35482,downloaded
2022-10-09,DB_2000,NEON.D11.CLBJ.DP1.00033_2022_10_09_120005.jpg,0.35475,0.35336,downloaded
2022-10-10,DB_2000,NEON.D11.CLBJ.DP1.00033_2022_10_10_120006.jpg,0.35343,0.35291,downloaded
2022-10-11,DB_2000,NEON.D11.CLBJ.DP1.00033_2022_10_11_120006.jpg,0.35257,0.35295,downloaded
2022-10-12,DB_2000,NEON.D11.CLBJ.DP1.00033_2022_10_12_120005.jpg,0.35876,0.35657,downloaded
2022-10-13,DB_2000,NEON.D11.CLBJ.DP1.00033_2022_10_13_120005.jpg,0.35746,0.35505,downloaded
2022-10-14,DB_2000,NEON.D11.CLBJ.DP1.00033_2022_10_14_120005.jpg,0.35705,0.35467,downloaded
2022-10-15,DB_2000,NEON.D11.CLBJ.DP1.00033_2022_10_15_120006.jpg,0.35727,0.35255,downloaded
2022-10-16,DB_2000,NEON.D11.CLBJ.DP1.00033_2022_10_16_120006.jpg,0.35088,0.35428,downloaded
2022-10-17,DB_2000,NEON.D11.CLBJ.DP1.00033_2022_10_17_120006.jpg,0.35943,0.35692,downloaded
2022-10-18,DB_2000,NEON.D11.CLBJ.DP1.00033_2022_10_18_120006.jpg,0.35803,0.35595,downloaded
2022-10-19,DB_2000,NEON.D11.CLBJ.DP1.00033_2022_10_19_120006.jpg,0.35779,0.35529,downloaded
2022-10-20,DB_2000,NEON.D11.CLBJ.DP1.00033_2022_10_20_120005.jpg,0.35758,0.35552,downloaded
2022-10-21,DB_2000,NEON.D11.CLBJ.DP1.00033_2022_10_21_120005.jpg,0.35663,0.35495,downloaded
2022-10-22,DB_2000,NEON.D11.CLBJ.DP1.00033_2022_10_22_120006.jpg,0.35550,0.35403,downloaded
2022-10-23,DB_2000,NEON.D11.CLBJ.DP1.00033_2022_10_23_120006.jpg,0.35178,0.35060,downloaded
2022-10-24,DB_2000,NEON.D11.CLBJ.DP1.00033_2022_10_24_120005.jpg,0.34267,0.34634,downloaded
2022-10-25,DB_2000,NEON.D11.CLBJ.DP1.00033_2022_10_25_120005.jpg,0.34393,0.34371,downloaded
2022-10-26,DB_2000,NEON.D11.CLBJ.DP1.00033_2022_10_26_120006.jpg,0.34206,0.34140,downloaded
2022-10-27,DB_2000,NEON.D11.CLBJ.DP1.00033_2022_10_27_120006.jpg,0.33843,0.33806,downloaded
2022-10-28,DB_2000,NEON.D11.CLBJ.DP1.00033_2022_10_28_120006.jpg,0.33961,0.33743,downloaded
2022-10-29,DB_2000,NEON.D11.CLBJ.DP1.00033_2022_10_29_120006.jpg,0.33808,0.33592,downloaded
2022-10-30,DB_2000,NEON.D11.CLBJ.DP1.00033_2022_10_30_120005.jpg,0.33363,0.33418,downloaded
2022-10-31,DB_2000,NEON.D11.CLBJ.DP1.00033_2022_10_31_120006.jpg,0.33424,0.33369,downloaded
2022-11-01,DB_2000,NEON.D11.CLBJ.DP1.00033_2022_11_01_120005.jpg,0.33572,0.33568,downloaded
2022-11-02,DB_2000,NEON.D11.CLBJ.DP1.00033_2022_11_02_120005.jpg,0.33625,0.33746,downloaded
2022-11-03,DB_2000,NEON.D11.CLBJ.DP1.00033_2022_11_03_120005.jpg,0.34179,0.34315,downloaded
2022-11-04,DB_2000,NEON.D11.CLBJ.DP1.00033_2022_11_04_120006.jpg,0.34956,0.34834,downloaded
2022-11-05,DB_2000,NEON.D11.CLBJ.DP1.00033_2022_11_05_120005.jpg,0.34944,0.34825,downloaded
2022-11-06,DB_2000,NEON.D11.CLBJ.DP1.00033_2022_11_06_120006.jpg,0.35006,0.34880,downloaded
2022-11-07,DB_2000,NEON.D11.CLBJ.DP1.00033_2022_11_07_120006.jpg,0.34615,0.34490,downloaded
2022-11-08,DB_2000,NEON.D11.CLBJ.DP1.00033_2022_11_08_120005.jpg,0.34534,0.34819,downloaded
2022-11-09,DB_2000,NEON.D11.CLBJ.DP1.00033_2022_11_09_120005.jpg,0.35076,0.35001,downloaded
2022-11-10,DB_2000,NEON.D11.CLBJ.DP1.00033_2022_11_10_120005.jpg,0.34798,0.34907,downloaded
2022-11-11,DB_2000,NEON.D11.CLBJ.DP1.00033_2022_11_11_120005.jpg,0.34709,0.34539,downloaded
2022-11-12,DB_2000,NEON.D11.CLBJ.DP1.00033_2022_11_12_120006.jpg,0.34802,0.34656,downloaded
2022-11-13,DB_2000,NEON.D11.CLBJ.DP1.00033_2022_11_13_120006.jpg,0.34768,0.34575,downloaded
2022-11-14,DB_2000,NEON.D11.CLBJ.DP1.00033_2022_11_14_120006.jpg,0.34112,0.34496,downloaded
2022-11-15,DB_2000,NEON.D11.CLBJ.DP1.00033_2022_11_15_120005.jpg,0.34618,0.34415,downloaded
2022-11-16,DB_2000,NEON.D11.CLBJ.DP1.00033_2022_11_16_120005.jpg,0.34649,0.34516,downloaded
2022-11-17,DB_2000,NEON.D11.CLBJ.DP1.00033_2022_11_17_120006.jpg,0.34635,0.34514,downloaded
2022-11-18,DB_2000,NEON.D11.CLBJ.DP1.00033_2022_11_18_120006.jpg,0.34259,0.34078,downloaded
2022-11-19,DB_2000,NEON.D11.CLBJ.DP1.00033_2022_11_19_120006.jpg,0.33909,0.34127,downloaded
2022-11-20,DB_2000,NEON.D11.CLBJ.DP1.00033_2022_11_20_120006.jpg,0.34346,0.34226,downloaded
2022-11-21,DB_2000,NEON.D11.CLBJ.DP1.00033_2022_11_21_120006.jpg,0.34174,0.34105,downloaded
2022-11-22,DB_2000,NEON.D11.CLBJ.DP1.00033_2022_11_22_120006.jpg,0.33993,0.33948,downloaded
2022-11-23,DB_2000,NEON.D11.CLBJ.DP1.00033_2022_11_23_120006.jpg,0.33724,0.33878,downloaded
2022-11-24,DB_2000,NEON.D11.CLBJ.DP1.00033_2022_11_24_120006.jpg,0.33708,0.33661,downloaded
2022-11-25,DB_2000,NEON.D11.CLBJ.DP1.00033_2022_11_25_120006.jpg,0.33267,0.33215,downloaded
2022-11-26,DB_2000,NEON.D11.CLBJ.DP1.00033_2022_11_26_120005.jpg,0.32917,0.32954,downloaded
2022-11-27,DB_2000,NEON.D11.CLBJ.DP1.00033_2022_11_27_120006.jpg,0.32282,0.32359,downloaded
2022-11-28,DB_2000,NEON.D11.CLBJ.DP1.00033_2022_11_28_120005.jpg,0.31955,0.32033,downloaded
2022-11-29,DB_2000,NEON.D11.CLBJ.DP1.00033_2022_11_29_120006.jpg,0.31297,0.31417,downloaded
2022-11-30,DB_2000,NEON.D11.CLBJ.DP1.00033_2022_11_30_120006.jpg,0.30818,0.30910,downloaded
2022-12-01,DB_2000,NEON.D11.CLBJ.DP1.00033_2022_12_01_093006.jpg,0.30962,0.31097,downloaded
2022-12-02,DB_2000,NEON.D11.CLBJ.DP1.00033_2022_12_02_120006.jpg,0.31150,0.31070,downloaded
2022-12-03,DB_2000,NEON.D11.CLBJ.DP1.00033_2022_12_03_120006.jpg,0.30707,0.30785,downloaded
2022-12-04,DB_2000,NEON.D11.CLBJ.DP1.00033_2022_12_04_120006.jpg,0.30604,0.31059,downloaded
2022-12-05,DB_2000,NEON.D11.CLBJ.DP1.00033_2022_12_05_120005.jpg,0.31304,0.31397,downloaded
2022-12-06,DB_2000,NEON.D11.CLBJ.DP1.00033_2022_12_06_120005.jpg,0.31764,0.31705,downloaded
2022-12-07,DB_2000,NEON.D11.CLBJ.DP1.00033_2022_12_07_120006.jpg,0.32028,0.31995,downloaded
2022-12-08,DB_2000,NEON.D11.CLBJ.DP1.00033_2022_12_08_120006.jpg,0.31889,0.32085,downloaded
2022-12-09,DB_2000,NEON.D11.CLBJ.DP1.00033_2022_12_09_120006.jpg,0.32237,0.32383,downloaded
2022-12-10,DB_2000,NEON.D11.CLBJ.DP1.00033_2022_12_10_120005.jpg,0.32920,0.32711,downloaded
2022-12-11,DB_2000,NEON.D11.CLBJ.DP1.00033_2022_12_11_120006.jpg,0.32507,0.32559,downloaded
2022-12-12,DB_2000,NEON.D11.CLBJ.DP1.00033_2022_12_12_120005.jpg,0.32882,0.32714,downloaded
2022-12-13,DB_2000,NEON.D11.CLBJ.DP1.00033_2022_12_13_120005.jpg,0.32633,0.32699,downloaded
2022-12-14,DB_2000,NEON.D11.CLBJ.DP1.00033_2022_12_14_120006.jpg,0.32590,0.32627,downloaded
2022-12-15,DB_2000,NEON.D11.CLBJ.DP1.00033_2022_12_15_120005.jpg,0.32568,0.32634,downloaded
2022-12-16,DB_2000,NEON.D11.CLBJ.DP1.00033_2022_12_16_120006.jpg,0.32519,0.32516,downloaded
2022-12-17,DB_2000,NEON.D11.CLBJ.DP1.00033_2022_12_17_120006.jpg,0.32509,0.32564,downloaded
2022-12-18,DB_2000,NEON.D11.CLBJ.DP1.00033_2022_12_18_120006.jpg,0.32514,0.32572,downloaded
2022-12-19,DB_2000,NEON.D11.CLBJ.DP1.00033_2022_12_19_120006.jpg,0.32513,0.32514,downloaded
2022-12-20,DB_2000,NEON.D11.CLBJ.DP1.00033_2022_12_20_120006.jpg,0.32455,0.32472,downloaded
2022-12-21,DB_2000,NEON.D11.CLBJ.DP1.00033_2022_12_21_120006.jpg,0.32368,0.32381,downloaded
2022-12-22,DB_2000,NEON.D11.CLBJ.DP1.00033_2022_12_22_120006.jpg,0.32158,0.32173,downloaded
2022-12-23,DB_2000,NEON.D11.CLBJ.DP1.00033_2022_12_23_120006.jpg,0.32269,0.32304,downloaded
2022-12-24,DB_2000,NEON.D11.CLBJ.DP1.00033_2022_12_24_120006.jpg,0.32459,0.32513,downloaded
2022-12-25,DB_2000,NEON.D11.CLBJ.DP1.00033_2022_12_25_120005.jpg,0.32501,0.32543,downloaded
2022-12-26,DB_2000,NEON.D11.CLBJ.DP1.00033_2022_12_26_120006.jpg,0.32318,0.32520,downloaded
2022-12-27,DB_2000,NEON.D11.CLBJ.DP1.00033_2022_12_27_120005.jpg,0.32484,0.32540,downloaded
2022-12-28,DB_2000,NEON.D11.CLBJ.DP1.00033_2022_12_28_120006.jpg,0.32538,0.32557,downloaded
2022-12-29,DB_2000,NEON.D11.CLBJ.DP1.00033_2022_12_29_120006.jpg,0.32499,0.32479,downloaded
2022-12-30,DB_2000,NEON.D11.CLBJ.DP1.00033_2022_12_30_120006.jpg,0.32513,0.32469,downloaded
2022-12-31,DB_2000,NEON.D11.CLBJ.DP1.00033_2022_12_31_120006.jpg,0.32469,0.32644,downloaded
2023-01-01,DB_2000,NEON.D11.CLBJ.DP1.00033_2023_01_01_120005.jpg,0.32538,0.32613,downloaded
2023-01-02,DB_2000,NEON.D11.CLBJ.DP1.00033_2023_01_02_120006.jpg,0.32508,0.32571,downloaded
2023-01-03,DB_2000,NEON.D11.CLBJ.DP1.00033_2023_01_03_120006.jpg,0.32521,0.32554,downloaded
2023-01-04,DB_2000,NEON.D11.CLBJ.DP1.00033_2023_01_04_120006.jpg,0.32416,0.32522,downloaded
2023-01-05,DB_2000,NEON.D11.CLBJ.DP1.00033_2023_01_05_120006.jpg,0.32405,0.32504,downloaded
2023-01-06,DB_2000,NEON.D11.CLBJ.DP1.00033_2023_01_06_120006.jpg,0.32414,0.32540,downloaded
2023-01-07,DB_2000,NEON.D11.CLBJ.DP1.00033_2023_01_07_120006.jpg,0.32265,0.32408,downloaded
2023-01-08,DB_2000,NEON.D11.CLBJ.DP1.00033_2023_01_08_120006.jpg,0.32387,0.32488,downloaded
2023-01-09,DB_2000,NEON.D11.CLBJ.DP1.00033_2023_01_09_120006.jpg,0.32450,0.32539,downloaded
2023-01-10,DB_2000,NEON.D11.CLBJ.DP1.00033_2023_01_10_120006.jpg,0.32453,0.32545,downloaded
2023-01-11,DB_2000,NEON.D11.CLBJ.DP1.00033_2023_01_11_120006.jpg,0.32487,0.32553,downloaded
2023-01-12,DB_2000,NEON.D11.CLBJ.DP1.00033_2023_01_12_120005.jpg,0.32366,0.32445,downloaded
2023-01-13,DB_2000,,,,no_image
2023-01-14,DB_2000,NEON.D11.CLBJ.DP1.00033_2023_01_14_120006.jpg,0.32362,0.32436,downloaded
2023-01-15,DB_2000,NEON.D11.CLBJ.DP1.00033_2023_01_15_120006.jpg,0.32367,0.32413,downloaded
2023-01-16,DB_2000,NEON.D11.CLBJ.DP1.00033_2023_01_16_120006.jpg,0.32538,0.32578,downloaded
2023-01-17,DB_2000,NEON.D11.CLBJ.DP1.00033_2023_01_17_130007.jpg,0.32395,0.32511,downloaded
2023-01-18,DB_2000,NEON.D11.CLBJ.DP1.00033_2023_01_18_120006.jpg,0.32377,0.32450,downloaded
2023-01-19,DB_2000,NEON.D11.CLBJ.DP1.00033_2023_01_19_120006.jpg,0.32339,0.32435,downloaded
2023-01-20,DB_2000,NEON.D11.CLBJ.DP1.00033_2023_01_20_120006.jpg,0.32346,0.32439,downloaded
2023-01-21,DB_2000,NEON.D11.CLBJ.DP1.00033_2023_01_21_120005.jpg,0.32300,0.32401,downloaded
2023-01-22,DB_2000,NEON.D11.CLBJ.DP1.00033_2023_01_22_120006.jpg,0.32208,0.32267,downloaded
2023-01-23,DB_2000,,,,no_image
2023-01-24,DB_2000,NEON.D11.CLBJ.DP1.00033_2023_01_24_120006.jpg,0.32480,0.32316,downloaded
2023-01-25,DB_2000,NEON.D11.CLBJ.DP1.00033_2023_01_25_120005.jpg,0.32308,0.32327,downloaded
2023-01-26,DB_2000,NEON.D11.CLBJ.DP1.00033_2023_01_26_120005.jpg,0.32251,0.32385,downloaded
2023-01-27,DB_2000,NEON.D11.CLBJ.DP1.00033_2023_01_27_120006.jpg,0.32298,0.32408,downloaded
2023-01-28,DB_2000,NEON.D11.CLBJ.DP1.00033_2023_01_28_120006.jpg,0.32346,0.32382,downloaded
2023-01-29,DB_2000,NEON.D11.CLBJ.DP1.00033_2023_01_29_120006.jpg,0.32342,0.32329,downloaded
2023-01-30,DB_2000,NEON.D11.CLBJ.DP1.00033_2023_01_30_120006.jpg,0.32430,0.32274,downloaded
2023-01-31,DB_2000,NEON.D11.CLBJ.DP1.00033_2023_01_31_120005.jpg,0.32272,0.32225,downloaded
2023-02-01,DB_2000,NEON.D11.CLBJ.DP1.00033_2023_02_01_120006.jpg,0.32393,0.32339,downloaded
2023-02-02,DB_2000,NEON.D11.CLBJ.DP1.00033_2023_02_02_120006.jpg,0.32319,0.32298,downloaded
2023-02-03,DB_2000,NEON.D11.CLBJ.DP1.00033_2023_02_03_120006.jpg,0.32317,0.32416,downloaded
2023-02-04,DB_2000,NEON.D11.CLBJ.DP1.00033_2023_02_04_120006.jpg,0.32246,0.32337,downloaded
2023-02-05,DB_2000,NEON.D11.CLBJ.DP1.00033_2023_02_05_120006.jpg,0.32305,0.32405,downloaded
2023-02-06,DB_2000,NEON.D11.CLBJ.DP1.00033_2023_02_06_120006.jpg,0.32373,0.32445,downloaded
2023-02-07,DB_2000,NEON.D11.CLBJ.DP1.00033_2023_02_07_120006.jpg,0.32721,0.32659,downloaded
2023-02-08,DB_2000,NEON.D11.CLBJ.DP1.00033_2023_02_08_120006.jpg,0.32593,0.32531,downloaded
2023-02-09,DB_2000,NEON.D11.CLBJ.DP1.00033_2023_02_09_120006.jpg,0.32370,0.32426,downloaded
2023-02-10,DB_2000,NEON.D11.CLBJ.DP1.00033_2023_02_10_120006.jpg,0.32240,0.32274,downloaded
2023-02-11,DB_2000,NEON.D11.CLBJ.DP1.00033_2023_02_11_120006.jpg,0.32260,0.32367,downloaded
2023-02-12,DB_2000,NEON.D11.CLBJ.DP1.00033_2023_02_12_120006.jpg,0.32294,0.32394,downloaded
2023-02-13,DB_2000,NEON.D11.CLBJ.DP1.00033_2023_02_13_120006.jpg,0.32428,0.32429,downloaded
2023-02-14,DB_2000,NEON.D11.CLBJ.DP1.00033_2023_02_14_120005.jpg,0.32323,0.32412,downloaded
2023-02-15,DB_2000,NEON.D11.CLBJ.DP1.00033_2023_02_15_120006.jpg,0.32374,0.32450,downloaded
2023-02-16,DB_2000,NEON.D11.CLBJ.DP1.00033_2023_02_16_120006.jpg,0.32239,0.32283,downloaded
2023-02-17,DB_2000,NEON.D11.CLBJ.DP1.00033_2023_02_17_120005.jpg,0.32259,0.32349,downloaded
2023-02-18,DB_2000,NEON.D11.CLBJ.DP1.00033_2023_02_18_120006.jpg,0.32320,0.32356,downloaded
2023-02-19,DB_2000,NEON.D11.CLBJ.DP1.00033_2023_02_19_120006.jpg,0.32388,0.32433,downloaded
2023-02-20,DB_2000,NEON.D11.CLBJ.DP1.00033_2023_02_20_120006.jpg,0.32455,0.32491,downloaded
2023-02-21,DB_2000,NEON.D11.CLBJ.DP1.00033_2023_02_21_120006.jpg,0.32519,0.32528,downloaded
2023-02-22,DB_2000,NEON.D11.CLBJ.DP1.00033_2023_02_22_120005.jpg,0.32394,0.32540,downloaded
2023-02-23,DB_2000,NEON.D11.CLBJ.DP1.00033_2023_02_23_120006.jpg,0.32325,0.32414,downloaded
2023-02-24,DB_2000,NEON.D11.CLBJ.DP1.00033_2023_02_24_120006.jpg,0.32408,0.32417,downloaded
2023-02-25,DB_2000,NEON.D11.CLBJ.DP1.00033_2023_02_25_120005.jpg,0.32572,0.32514,downloaded
2023-02-26,DB_2000,NEON.D11.CLBJ.DP1.00033_2023_02_26_120005.jpg,0.32563,0.32537,downloaded
2023-02-27,DB_2000,NEON.D11.CLBJ.DP1.00033_2023_02_27_120005.jpg,0.32274,0.32381,downloaded
2023-02-28,DB_2000,NEON.D11.CLBJ.DP1.00033_2023_02_28_120005.jpg,0.32354,0.32447,downloaded
2023-03-01,DB_2000,NEON.D11.CLBJ.DP1.00033_2023_03_01_120006.jpg,0.32465,0.32480,downloaded
2023-03-02,DB_2000,NEON.D11.CLBJ.DP1.00033_2023_03_02_120006.jpg,0.32631,0.32721,downloaded
2023-03-03,DB_2000,NEON.D11.CLBJ.DP1.00033_2023_03_03_120005.jpg,0.32399,0.32493,downloaded
2023-03-04,DB_2000,NEON.D11.CLBJ.DP1.00033_2023_03_04_120005.jpg,0.32455,0.32553,downloaded
2023-03-05,DB_2000,NEON.D11.CLBJ.DP1.00033_2023_03_05_120006.jpg,0.32489,0.32589,downloaded
2023-03-06,DB_2000,NEON.D11.CLBJ.DP1.00033_2023_03_06_120005.jpg,0.32578,0.32648,downloaded
2023-03-07,DB_2000,NEON.D11.CLBJ.DP1.00033_2023_03_07_120006.jpg,0.32674,0.32702,downloaded
2023-03-08,DB_2000,NEON.D11.CLBJ.DP1.00033_2023_03_08_120005.jpg,0.32737,0.32959,downloaded
2023-03-09,DB_2000,NEON.D11.CLBJ.DP1.00033_2023_03_09_120006.jpg,0.32804,0.32861,downloaded
2023-03-10,DB_2000,NEON.D11.CLBJ.DP1.00033_2023_03_10_120005.jpg,0.32491,0.32618,downloaded
2023-03-11,DB_2000,NEON.D11.CLBJ.DP1.00033_2023_03_11_120006.jpg,0.32598,0.32718,downloaded
2023-03-12,DB_2000,NEON.D11.CLBJ.DP1.00033_2023_03_12_120006.jpg,0.32546,0.32616,downloaded
2023-03-13,DB_2000,NEON.D11.CLBJ.DP1.00033_2023_03_13_120006.jpg,0.32569,0.32576,downloaded
2023-03-14,DB_2000,NEON.D11.CLBJ.DP1.00033_2023_03_14_120006.jpg,0.32525,0.32623,downloaded
2023-03-15,DB_2000,NEON.D11.CLBJ.DP1.00033_2023_03_15_120006.jpg,0.32648,0.32643,downloaded
2023-03-16,DB_2000,NEON.D11.CLBJ.DP1.00033_2023_03_16_120006.jpg,0.32799,0.32807,downloaded
2023-03-17,DB_2000,NEON.D11.CLBJ.DP1.00033_2023_03_17_120005.jpg,0.32483,0.32565,downloaded
2023-03-18,DB_2000,NEON.D11.CLBJ.DP1.00033_2023_03_18_120006.jpg,0.32463,0.32537,downloaded
2023-03-19,DB_2000,NEON.D11.CLBJ.DP1.00033_2023_03_19_120005.jpg,0.32533,0.32537,downloaded
2023-03-20,DB_2000,NEON.D11.CLBJ.DP1.00033_2023_03_20_120006.jpg,0.32569,0.32555,downloaded
2023-03-21,DB_2000,NEON.D11.CLBJ.DP1.00033_2023_03_21_120006.jpg,0.32662,0.32765,downloaded
2023-03-22,DB_2000,NEON.D11.CLBJ.DP1.00033_2023_03_22_120006.jpg,0.32840,0.32893,downloaded
2023-03-23,DB_2000,NEON.D11.CLBJ.DP1.00033_2023_03_23_120006.jpg,0.33181,0.33163,downloaded
2023-03-24,DB_2000,NEON.D11.CLBJ.DP1.00033_2023_03_24_120005.jpg,0.33106,0.33343,downloaded
2023-03-25,DB_2000,NEON.D11.CLBJ.DP1.00033_2023_03_25_120006.jpg,0.33126,0.33171,downloaded
2023-03-26,DB_2000,NEON.D11.CLBJ.DP1.00033_2023_03_26_120005.jpg,0.33293,0.33329,downloaded
2023-03-27,DB_2000,NEON.D11.CLBJ.DP1.00033_2023_03_27_120006.jpg,0.33344,0.33341,downloaded
2023-03-28,DB_2000,NEON.D11.CLBJ.DP1.00033_2023_03_28_120006.jpg,0.33304,0.33307,downloaded
2023-03-29,DB_2000,NEON.D11.CLBJ.DP1.00033_2023_03_29_120005.jpg,0.33489,0.33410,downloaded
2023-03-30,DB_2000,NEON.D11.CLBJ.DP1.00033_2023_03_30_120005.jpg,0.33824,0.33887,downloaded
2023-03-31,DB_2000,NEON.D11.CLBJ.DP1.00033_2023_03_31_120006.jpg,0.33936,0.33835,downloaded
2023-04-01,DB_2000,NEON.D11.CLBJ.DP1.00033_2023_04_01_120006.jpg,0.33915,0.33941,downloaded
2023-04-02,DB_2000,NEON.D11.CLBJ.DP1.00033_2023_04_02_120006.jpg,0.34181,0.34312,downloaded
2023-04-03,DB_2000,NEON.D11.CLBJ.DP1.00033_2023_04_03_120006.jpg,0.34393,0.34393,downloaded
2023-04-04,DB_2000,NEON.D11.CLBJ.DP1.00033_2023_04_04_120006.jpg,0.34980,0.34874,downloaded
2023-04-05,DB_2000,NEON.D11.CLBJ.DP1.00033_2023_04_05_120005.jpg,0.35305,0.35091,downloaded
2023-04-06,DB_2000,NEON.D11.CLBJ.DP1.00033_2023_04_06_120006.jpg,0.34706,0.34759,downloaded
2023-04-07,DB_2000,NEON.D11.CLBJ.DP1.00033_2023_04_07_120005.jpg,0.35194,0.34975,downloaded
2023-04-08,DB_2000,NEON.D11.CLBJ.DP1.00033_2023_04_08_120006.jpg,0.35735,0.35564,downloaded
2023-04-09,DB_2000,NEON.D11.CLBJ.DP1.00033_2023_04_09_120006.jpg,0.35710,0.35548,downloaded
2023-04-10,DB_2000,NEON.D11.CLBJ.DP1.00033_2023_04_10_120005.jpg,0.36393,0.36116,downloaded
2023-04-11,DB_2000,NEON.D11.CLBJ.DP1.00033_2023_04_11_120005.jpg,0.36795,0.36527,downloaded
2023-04-12,DB_2000,NEON.D11.CLBJ.DP1.00033_2023_04_12_120006.jpg,0.37607,0.37055,downloaded
2023-04-13,DB_2000,NEON.D11.CLBJ.DP1.00033_2023_04_13_120006.jpg,0.38031,0.37446,downloaded
2023-04-14,DB_2000,NEON.D11.CLBJ.DP1.00033_2023_04_14_120005.jpg,0.37702,0.37632,downloaded
2023-04-15,DB_2000,NEON.D11.CLBJ.DP1.00033_2023_04_15_120005.jpg,0.39042,0.38156,downloaded
2023-04-16,DB_2000,NEON.D11.CLBJ.DP1.00033_2023_04_16_120006.jpg,0.39335,0.38478,downloaded
2023-04-17,DB_2000,NEON.D11.CLBJ.DP1.00033_2023_04_17_120006.jpg,0.39025,0.38290,downloaded
2023-04-18,DB_2000,NEON.D11.CLBJ.DP1.00033_2023_04_18_120005.jpg,0.37933,0.37799,downloaded
2023-04-19,DB_2000,NEON.D11.CLBJ.DP1.00033_2023_04_19_120005.jpg,0.38527,0.37937,downloaded
2023-04-20,DB_2000,NEON.D11.CLBJ.DP1.00033_2023_04_20_120006.jpg,0.38798,0.38312,downloaded
2023-04-21,DB_2000,NEON.D11.CLBJ.DP1.00033_2023_04_21_120005.jpg,0.39089,0.38454,downloaded
2023-04-22,DB_2000,NEON.D11.CLBJ.DP1.00033_2023_04_22_120006.jpg,0.38231,0.37515,downloaded
2023-04-23,DB_2000,NEON.D11.CLBJ.DP1.00033_2023_04_23_120005.jpg,0.37197,0.37576,downloaded
2023-04-24,DB_2000,NEON.D11.CLBJ.DP1.00033_2023_04_24_120006.jpg,0.38069,0.37659,downloaded
2023-04-25,DB_2000,NEON.D11.CLBJ.DP1.00033_2023_04_25_120005.jpg,0.37565,0.37374,downloaded
2023-04-26,DB_2000,NEON.D11.CLBJ.DP1.00033_2023_04_26_120006.jpg,0.35538,0.37738,downloaded
2023-04-27,DB_2000,NEON.D11.CLBJ.DP1.00033_2023_04_27_120006.jpg,0.38546,0.37364,downloaded
2023-04-28,DB_2000,NEON.D11.CLBJ.DP1.00033_2023_04_28_120006.jpg,0.38006,0.37539,downloaded
2023-04-29,DB_2000,NEON.D11.CLBJ.DP1.00033_2023_04_29_120005.jpg,0.39030,0.38406,downloaded
2023-04-30,DB_2000,NEON.D11.CLBJ.DP1.00033_2023_04_30_120005.jpg,0.39078,0.38501,downloaded
2023-05-01,DB_2000,NEON.D11.CLBJ.DP1.00033_2023_05_01_120006.jpg,0.38965,0.38329,downloaded
2023-05-02,DB_2000,NEON.D11.CLBJ.DP1.00033_2023_05_02_120005.jpg,0.38404,0.37727,downloaded
2023-05-03,DB_2000,NEON.D11.CLBJ.DP1.00033_2023_05_03_120006.jpg,0.38446,0.37793,downloaded
2023-05-04,DB_2000,NEON.D11.CLBJ.DP1.00033_2023_05_04_120006.jpg,0.37173,0.37366,downloaded
2023-05-05,DB_2000,NEON.D11.CLBJ.DP1.00033_2023_05_05_120005.jpg,0.38923,0.37811,downloaded
2023-05-06,DB_2000,NEON.D11.CLBJ.DP1.00033_2023_05_06_120006.jpg,0.38288,0.37752,downloaded
2023-05-07,DB_2000,NEON.D11.CLBJ.DP1.00033_2023_05_07_120005.jpg,0.36996,0.36858,downloaded
2023-05-08,DB_2000,NEON.D11.CLBJ.DP1.00033_2023_05_08_120006.jpg,0.38493,0.37766,downloaded
2023-05-09,DB_2000,NEON.D11.CLBJ.DP1.00033_2023_05_09_120006.jpg,0.38231,0.37096,downloaded
2023-05-10,DB_2000,NEON.D11.CLBJ.DP1.00033_2023_05_10_120006.jpg,0.37030,0.36764,downloaded
2023-05-11,DB_2000,NEON.D11.CLBJ.DP1.00033_2023_05_11_120006.jpg,0.36540,0.37031,downloaded
2023-05-12,DB_2000,NEON.D11.CLBJ.DP1.00033_2023_05_12_120006.jpg,0.37367,0.36651,downloaded
2023-05-13,DB_2000,NEON.D11.CLBJ.DP1.00033_2023_05_13_120005.jpg,0.37622,0.37010,downloaded
2023-05-14,DB_2000,NEON.D11.CLBJ.DP1.00033_2023_05_14_120006.jpg,0.36516,0.36551,downloaded
2023-05-15,DB_2000,NEON.D11.CLBJ.DP1.00033_2023_05_15_120005.jpg,0.36005,0.37092,downloaded
2023-05-16,DB_2000,NEON.D11.CLBJ.DP1.00033_2023_05_16_120006.jpg,0.37676,0.36676,downloaded
2023-05-17,DB_2000,NEON.D11.CLBJ.DP1.00033_2023_05_17_120006.jpg,0.38233,0.37613,downloaded
2023-05-18,DB_2000,NEON.D11.CLBJ.DP1.00033_2023_05_18_120006.jpg,0.38147,0.37227,downloaded
2023-05-19,DB_2000,NEON.D11.CLBJ.DP1.00033_2023_05_19_120004.jpg,0.36859,0.37180,downloaded
2023-05-20,DB_2000,NEON.D11.CLBJ.DP1.00033_2023_05_20_120004.jpg,0.37579,0.36911,downloaded
2023-05-21,DB_2000,NEON.D11.CLBJ.DP1.00033_2023_05_21_120004.jpg,0.36272,0.36460,downloaded
2023-05-22,DB_2000,NEON.D11.CLBJ.DP1.00033_2023_05_22_120004.jpg,0.37447,0.36614,downloaded
2023-05-23,DB_2000,NEON.D11.CLBJ.DP1.00033_2023_05_23_120004.jpg,0.37053,0.36997,downloaded
2023-05-24,DB_2000,NEON.D11.CLBJ.DP1.00033_2023_05_24_120004.jpg,0.37451,0.36903,downloaded
2023-05-25,DB_2000,NEON.D11.CLBJ.DP1.00033_2023_05_25_120004.jpg,0.37166,0.36624,downloaded
2023-05-26,DB_2000,NEON.D11.CLBJ.DP1.00033_2023_05_26_120004.jpg,0.37071,0.36610,downloaded
2023-05-27,DB_2000,NEON.D11.CLBJ.DP1.00033_2023_05_27_120004.jpg,0.36202,0.36347,downloaded
2023-05-28,DB_2000,NEON.D11.CLBJ.DP1.00033_2023_05_28_120004.jpg,0.36757,0.36497,downloaded
2023-05-29,DB_2000,NEON.D11.CLBJ.DP1.00033_2023_05_29_120004.jpg,0.36194,0.36283,downloaded
2023-05-30,DB_2000,NEON.D11.CLBJ.DP1.00033_2023_05_30_120004.jpg,0.37640,0.36991,downloaded
2023-05-31,DB_2000,NEON.D11.CLBJ.DP1.00033_2023_05_31_120004.jpg,0.37598,0.36788,downloaded
2023-06-01,DB_2000,NEON.D11.CLBJ.DP1.00033_2023_06_01_120004.jpg,0.36981,0.36605,downloaded
2023-06-02,DB_2000,NEON.D11.CLBJ.DP1.00033_2023_06_02_120004.jpg,0.37443,0.36512,downloaded
2023-06-03,DB_2000,NEON.D11.CLBJ.DP1.00033_2023_06_03_120004.jpg,0.36335,0.36372,downloaded
2023-06-04,DB_2000,NEON.D11.CLBJ.DP1.00033_2023_06_04_120004.jpg,0.37450,0.37020,downloaded
2023-06-05,DB_2000,NEON.D11.CLBJ.DP1.00033_2023_06_05_120004.jpg,0.37245,0.36523,downloaded
2023-06-06,DB_2000,NEON.D11.CLBJ.DP1.00033_2023_06_06_120004.jpg,0.37599,0.36632,downloaded
2023-06-07,DB_2000,NEON.D11.CLBJ.DP1.00033_2023_06_07_120004.jpg,0.37463,0.36649,downloaded
2023-06-08,DB_2000,NEON.D11.CLBJ.DP1.00033_2023_06_08_120004.jpg,0.37532,0.36625,downloaded
2023-06-09,DB_2000,NEON.D11.CLBJ.DP1.00033_2023_06_09_120004.jpg,0.37498,0.37071,downloaded
2023-06-10,DB_2000,NEON.D11.CLBJ.DP1.00033_2023_06_10_120004.jpg,0.37720,0.37056,downloaded
2023-06-11,DB_2000,NEON.D11.CLBJ.DP1.00033_2023_06_11_120004.jpg,0.37791,0.37106,downloaded
2023-06-12,DB_2000,NEON.D11.CLBJ.DP1.00033_2023_06_12_120004.jpg,0.36413,0.36421,downloaded
2023-06-13,DB_2000,NEON.D11.CLBJ.DP1.00033_2023_06_13_120004.jpg,0.36033,0.36188,downloaded
2023-06-14,DB_2000,NEON.D11.CLBJ.DP1.00033_2023_06_14_120004.jpg,0.35889,0.35917,downloaded
2023-06-15,DB_2000,NEON.D11.CLBJ.DP1.00033_2023_06_15_120004.jpg,0.37177,0.36443,downloaded
2023-06-16,DB_2000,NEON.D11.CLBJ.DP1.00033_2023_06_16_120004.jpg,0.36235,0.36193,downloaded
2023-06-17,DB_2000,NEON.D11.CLBJ.DP1.00033_2023_06_17_120004.jpg,0.36915,0.36189,downloaded
2023-06-18,DB_2000,NEON.D11.CLBJ.DP1.00033_2023_06_18_120004.jpg,0.37507,0.36915,downloaded
2023-06-19,DB_2000,NEON.D11.CLBJ.DP1.00033_2023_06_19_120004.jpg,0.37474,0.36752,downloaded
2023-06-20,DB_2000,NEON.D11.CLBJ.DP1.00033_2023_06_20_120004.jpg,0.37410,0.36719,downloaded
2023-06-21,DB_2000,NEON.D11.CLBJ.DP1.00033_2023_06_21_120004.jpg,0.36560,0.36098,downloaded
2023-06-22,DB_2000,NEON.D11.CLBJ.DP1.00033_2023_06_22_120004.jpg,0.37338,0.36326,downloaded
2023-06-23,DB_2000,NEON.D11.CLBJ.DP1.00033_2023_06_23_120004.jpg,0.36069,0.36133,downloaded
2023-06-24,DB_2000,NEON.D11.CLBJ.DP1.00033_2023_06_24_120004.jpg,0.37339,0.36755,downloaded
2023-06-25,DB_2000,NEON.D11.CLBJ.DP1.00033_2023_06_25_120004.jpg,0.37482,0.36839,downloaded
2023-06-26,DB_2000,NEON.D11.CLBJ.DP1.00033_2023_06_26_120004.jpg,0.37302,0.36775,downloaded
2023-06-27,DB_2000,NEON.D11.CLBJ.DP1.00033_2023_06_27_120004.jpg,0.37145,0.36740,downloaded
2023-06-28,DB_2000,NEON.D11.CLBJ.DP1.00033_2023_06_28_120004.jpg,0.37183,0.36681,downloaded
2023-06-29,DB_2000,NEON.D11.CLBJ.DP1.00033_2023_06_29_120004.jpg,0.37173,0.36687,downloaded
2023-06-30,DB_2000,NEON.D11.CLBJ.DP1.00033_2023_06_30_120004.jpg,0.37093,0.36410,downloaded
2023-07-01,DB_2000,NEON.D11.CLBJ.DP1.00033_2023_07_01_120004.jpg,0.36280,0.35984,downloaded
2023-07-02,DB_2000,NEON.D11.CLBJ.DP1.00033_2023_07_02_120004.jpg,0.37430,0.36476,downloaded
2023-07-03,DB_2000,NEON.D11.CLBJ.DP1.00033_2023_07_03_120004.jpg,0.36952,0.36493,downloaded
2023-07-04,DB_2000,NEON.D11.CLBJ.DP1.00033_2023_07_04_120004.jpg,0.37060,0.36491,downloaded
2023-07-05,DB_2000,NEON.D11.CLBJ.DP1.00033_2023_07_05_120004.jpg,0.35761,0.36476,downloaded
2023-07-06,DB_2000,NEON.D11.CLBJ.DP1.00033_2023_07_06_120004.jpg,0.37352,0.36640,downloaded
2023-07-07,DB_2000,NEON.D11.CLBJ.DP1.00033_2023_07_07_120004.jpg,0.37293,0.36653,downloaded
2023-07-08,DB_2000,NEON.D11.CLBJ.DP1.00033_2023_07_08_120004.jpg,0.37511,0.36291,downloaded
2023-07-09,DB_2000,NEON.D11.CLBJ.DP1.00033_2023_07_09_120004.jpg,0.36365,0.36706,downloaded
2023-07-10,DB_2000,NEON.D11.CLBJ.DP1.00033_2023_07_10_120004.jpg,0.36496,0.36536,downloaded
2023-07-11,DB_2000,NEON.D11.CLBJ.DP1.00033_2023_07_11_120004.jpg,0.37446,0.36649,downloaded
2023-07-12,DB_2000,NEON.D11.CLBJ.DP1.00033_2023_07_12_120004.jpg,0.37419,0.36814,downloaded
2023-07-13,DB_2000,NEON.D11.CLBJ.DP1.00033_2023_07_13_120004.jpg,0.37306,0.36697,downloaded
2023-07-14,DB_2000,NEON.D11.CLBJ.DP1.00033_2023_07_14_120004.jpg,0.36300,0.36391,downloaded
2023-07-15,DB_2000,NEON.D11.CLBJ.DP1.00033_2023_07_15_120004.jpg,0.36173,0.36038,downloaded
2023-07-16,DB_2000,NEON.D11.CLBJ.DP1.00033_2023_07_16_120004.jpg,0.36577,0.36859,downloaded
2023-07-17,DB_2000,NEON.D11.CLBJ.DP1.00033_2023_07_17_120004.jpg,0.37326,0.36700,downloaded
2023-07-18,DB_2000,NEON.D11.CLBJ.DP1.00033_2023_07_18_120004.jpg,0.37177,0.36664,downloaded
2023-07-19,DB_2000,NEON.D11.CLBJ.DP1.00033_2023_07_19_120004.jpg,0.37112,0.36569,downloaded
2023-07-20,DB_2000,NEON.D11.CLBJ.DP1.00033_2023_07_20_120004.jpg,0.36881,0.36337,downloaded
2023-07-21,DB_2000,NEON.D11.CLBJ.DP1.00033_2023_07_21_120004.jpg,0.36727,0.36431,downloaded
2023-07-22,DB_2000,NEON.D11.CLBJ.DP1.00033_2023_07_22_120004.jpg,0.37147,0.36728,downloaded
2023-07-23,DB_2000,NEON.D11.CLBJ.DP1.00033_2023_07_23_120004.jpg,0.37135,0.36700,downloaded
2023-07-24,DB_2000,NEON.D11.CLBJ.DP1.00033_2023_07_24_120004.jpg,0.37015,0.36600,downloaded
2023-07-25,DB_2000,NEON.D11.CLBJ.DP1.00033_2023_07_25_120004.jpg,0.36928,0.36546,downloaded
2023-07-26,DB_2000,NEON.D11.CLBJ.DP1.00033_2023_07_26_120004.jpg,0.36794,0.36456,downloaded
2023-07-27,DB_2000,NEON.D11.CLBJ.DP1.00033_2023_07_27_120004.jpg,0.36808,0.36461,downloaded
2023-07-28,DB_2000,NEON.D11.CLBJ.DP1.00033_2023_07_28_120004.jpg,0.36926,0.36495,downloaded
2023-07-29,DB_2000,NEON.D11.CLBJ.DP1.00033_2023_07_29_120004.jpg,0.36735,0.36414,downloaded
2023-07-30,DB_2000,NEON.D11.CLBJ.DP1.00033_2023_07_30_120004.jpg,0.36876,0.36503,downloaded
2023-07-31,DB_2000,NEON.D11.CLBJ.DP1.00033_2023_07_31_120004.jpg,0.36814,0.36369,downloaded
2023-08-01,DB_2000,NEON.D11.CLBJ.DP1.00033_2023_08_01_120004.jpg,0.36785,0.36328,downloaded
2023-08-02,DB_2000,NEON.D11.CLBJ.DP1.00033_2023_08_02_120004.jpg,0.36743,0.36368,downloaded
2023-08-03,DB_2000,NEON.D11.CLBJ.DP1.00033_2023_08_03_120004.jpg,0.36757,0.36428,downloaded
2023-08-04,DB_2000,NEON.D11.CLBJ.DP1.00033_2023_08_04_120004.jpg,0.36713,0.36367,downloaded
2023-08-05,DB_2000,NEON.D11.CLBJ.DP1.00033_2023_08_05_120004.jpg,0.36228,0.36158,downloaded
2023-08-06,DB_2000,NEON.D11.CLBJ.DP1.00033_2023_08_06_120004.jpg,0.36749,0.36276,downloaded
2023-08-07,DB_2000,NEON.D11.CLBJ.DP1.00033_2023_08_07_120004.jpg,0.36367,0.36088,downloaded
2023-08-08,DB_2000,NEON.D11.CLBJ.DP1.00033_2023_08_08_120004.jpg,0.35959,0.35857,downloaded
2023-08-09,DB_2000,NEON.D11.CLBJ.DP1.00033_2023_08_09_120004.jpg,0.36053,0.36027,downloaded
2023-08-10,DB_2000,NEON.D11.CLBJ.DP1.00033_2023_08_10_120004.jpg,0.36761,0.36349,downloaded
2023-08-11,DB_2000,NEON.D11.CLBJ.DP1.00033_2023_08_11_120004.jpg,0.36406,0.36207,downloaded
2023-08-12,DB_2000,NEON.D11.CLBJ.DP1.00033_2023_08_12_120004.jpg,0.36605,0.36283,downloaded
2023-08-13,DB_2000,NEON.D11.CLBJ.DP1.00033_2023_08_13_120004.jpg,0.36621,0.36283,downloaded
2023-08-14,DB_2000,NEON.D11.CLBJ.DP1.00033_2023_08_14_120004.jpg,0.36576,0.36254,downloaded
2023-08-15,DB_2000,NEON.D11.CLBJ.DP1.00033_2023_08_15_120004.jpg,0.36496,0.36099,downloaded
2023-08-16,DB_2000,NEON.D11.CLBJ.DP1.00033_2023_08_16_120004.jpg,0.36368,0.36144,downloaded
2023-08-17,DB_2000,NEON.D11.CLBJ.DP1.00033_2023_08_17_120004.jpg,0.36255,0.36012,downloaded
2023-08-18,DB_2000,NEON.D11.CLBJ.DP1.00033_2023_08_18_120004.jpg,0.35905,0.35642,downloaded
2023-08-19,DB_2000,NEON.D11.CLBJ.DP1.00033_2023_08_19_120004.jpg,0.36066,0.35834,downloaded
2023-08-20,DB_2000,NEON.D11.CLBJ.DP1.00033_2023_08_20_120004.jpg,0.36003,0.35713,downloaded
2023-08-21,DB_2000,NEON.D11.CLBJ.DP1.00033_2023_08_21_120004.jpg,0.35734,0.35452,downloaded
2023-08-22,DB_2000,NEON.D11.CLBJ.DP1.00033_2023_08_22_120004.jpg,0.35561,0.35326,downloaded
2023-08-23,DB_2000,NEON.D11.CLBJ.DP1.00033_2023_08_23_120004.jpg,0.35217,0.35129,downloaded
2023-08-24,DB_2000,NEON.D11.CLBJ.DP1.00033_2023_08_24_120004.jpg,0.34921,0.34811,downloaded
2023-08-25,DB_2000,NEON.D11.CLBJ.DP1.00033_2023_08_25_120004.jpg,0.34402,0.34471,downloaded
2023-08-26,DB_2000,NEON.D11.CLBJ.DP1.00033_2023_08_26_120004.jpg,0.34252,0.34291,downloaded
2023-08-27,DB_2000,NEON.D11.CLBJ.DP1.00033_2023_08_27_120004.jpg,0.34177,0.34225,downloaded
2023-08-28,DB_2000,NEON.D11.CLBJ.DP1.00033_2023_08_28_120004.jpg,0.34259,0.34216,downloaded
2023-08-29,DB_2000,NEON.D11.CLBJ.DP1.00033_2023_08_29_120004.jpg,0.34136,0.34168,downloaded
2023-08-30,DB_2000,NEON.D11.CLBJ.DP1.00033_2023_08_30_120004.jpg,0.34295,0.34037,downloaded
2023-08-31,DB_2000,NEON.D11.CLBJ.DP1.00033_2023_08_31_120004.jpg,0.34066,0.34023,downloaded
2023-09-01,DB_2000,NEON.D11.CLBJ.DP1.00033_2023_09_01_120004.jpg,0.34177,0.34114,downloaded
2023-09-02,DB_2000,NEON.D11.CLBJ.DP1.00033_2023_09_02_120004.jpg,0.34196,0.34108,downloaded
2023-09-03,DB_2000,NEON.D11.CLBJ.DP1.00033_2023_09_03_120004.jpg,0.34289,0.34249,downloaded
2023-09-04,DB_2000,NEON.D11.CLBJ.DP1.00033_2023_09_04_120004.jpg,0.34619,0.34556,downloaded
2023-09-05,DB_2000,NEON.D11.CLBJ.DP1.00033_2023_09_05_120004.jpg,0.34680,0.34627,downloaded
2023-09-06,DB_2000,NEON.D11.CLBJ.DP1.00033_2023_09_06_120004.jpg,0.34694,0.34659,downloaded
2023-09-07,DB_2000,NEON.D11.CLBJ.DP1.00033_2023_09_07_120004.jpg,0.34626,0.34577,downloaded
2023-09-08,DB_2000,NEON.D11.CLBJ.DP1.00033_2023_09_08_120004.jpg,0.34498,0.34514,downloaded
2023-09-09,DB_2000,NEON.D11.CLBJ.DP1.00033_2023_09_09_120004.jpg,0.35013,0.34903,downloaded
2023-09-10,DB_2000,NEON.D11.CLBJ.DP1.00033_2023_09_10_120004.jpg,0.34799,0.34653,downloaded
2023-09-11,DB_2000,NEON.D11.CLBJ.DP1.00033_2023_09_11_120004.jpg,0.34742,0.34716,downloaded
2023-09-12,DB_2000,NEON.D11.CLBJ.DP1.00033_2023_09_12_120004.jpg,0.34680,0.34561,downloaded
2023-09-13,DB_2000,NEON.D11.CLBJ.DP1.00033_2023_09_13_120004.jpg,0.34637,0.34605,downloaded
2023-09-14,DB_2000,NEON.D11.CLBJ.DP1.00033_2023_09_14_120004.jpg,0.34579,0.34656,downloaded
2023-09-15,DB_2000,NEON.D11.CLBJ.DP1.00033_2023_09_15_120004.jpg,0.34808,0.34648,downloaded
2023-09-16,DB_2000,NEON.D11.CLBJ.DP1.00033_2023_09_16_120004.jpg,0.34734,0.34685,downloaded
2023-09-17,DB_2000,NEON.D11.CLBJ.DP1.00033_2023_09_17_120004.jpg,0.34947,0.34854,downloaded
2023-09-18,DB_2000,NEON.D11.CLBJ.DP1.00033_2023_09_18_120004.jpg,0.35019,0.34912,downloaded
2023-09-19,DB_2000,NEON.D11.CLBJ.DP1.00033_2023_09_19_120004.jpg,0.34860,0.34923,downloaded
2023-09-20,DB_2000,NEON.D11.CLBJ.DP1.00033_2023_09_20_120004.jpg,0.35258,0.35201,downloaded
2023-09-21,DB_2000,NEON.D11.CLBJ.DP1.00033_2023_09_21_120004.jpg,0.35240,0.35204,downloaded
2023-09-22,DB_2000,NEON.D11.CLBJ.DP1.00033_2023_09_22_120004.jpg,0.35381,0.35339,downloaded
2023-09-23,DB_2000,NEON.D11.CLBJ.DP1.00033_2023_09_23_120004.jpg,0.35465,0.35351,downloaded
2023-09-24,DB_2000,NEON.D11.CLBJ.DP1.00033_2023_09_24_120004.jpg,0.35357,0.35326,downloaded
2023-09-25,DB_2000,NEON.D11.CLBJ.DP1.00033_2023_09_25_120004.jpg,0.34634,0.35159,downloaded
2023-09-26,DB_2000,NEON.D11.CLBJ.DP1.00033_2023_09_26_120004.jpg,0.34676,0.35235,downloaded
2023-09-27,DB_2000,NEON.D11.CLBJ.DP1.00033_2023_09_27_120004.jpg,0.35212,0.35247,downloaded
2023-09-28,DB_2000,NEON.D11.CLBJ.DP1.00033_2023_09_28_120004.jpg,0.35355,0.35238,downloaded
2023-09-29,DB_2000,NEON.D11.CLBJ.DP1.00033_2023_09_29_120004.jpg,0.35328,0.35232,downloaded
2023-09-30,DB_2000,NEON.D11.CLBJ.DP1.00033_2023_09_30_120004.jpg,0.35366,0.35259,downloaded
2023-10-01,DB_2000,NEON.D11.CLBJ.DP1.00033_2023_10_01_120004.jpg,0.35056,0.35010,downloaded
2023-10-02,DB_2000,NEON.D11.CLBJ.DP1.00033_2023_10_02_120004.jpg,0.35175,0.35091,downloaded
2023-10-03,DB_2000,NEON.D11.CLBJ.DP1.00033_2023_10_03_120004.jpg,0.35342,0.35161,downloaded
2023-10-04,DB_2000,NEON.D11.CLBJ.DP1.00033_2023_10_04_120004.jpg,0.35252,0.35189,downloaded
2023-10-05,DB_2000,NEON.D11.CLBJ.DP1.00033_2023_10_05_120004.jpg,0.35395,0.35146,downloaded
2023-10-06,DB_2000,NEON.D11.CLBJ.DP1.00033_2023_10_06_120004.jpg,0.35425,0.35250,downloaded
2023-10-07,DB_2000,NEON.D11.CLBJ.DP1.00033_2023_10_07_120004.jpg,0.35260,0.35107,downloaded
2023-10-08,DB_2000,NEON.D11.CLBJ.DP1.00033_2023_10_08_120004.jpg,0.35292,0.35151,downloaded
2023-10-09,DB_2000,NEON.D11.CLBJ.DP1.00033_2023_10_09_120004.jpg,0.35301,0.35188,downloaded
2023-10-10,DB_2000,NEON.D11.CLBJ.DP1.00033_2023_10_10_120004.jpg,0.35297,0.35165,downloaded
2023-10-11,DB_2000,NEON.D11.CLBJ.DP1.00033_2023_10_11_120004.jpg,0.34980,0.34990,downloaded
2023-10-12,DB_2000,NEON.D11.CLBJ.DP1.00033_2023_10_12_120004.jpg,0.35315,0.35126,downloaded
2023-10-13,DB_2000,NEON.D11.CLBJ.DP1.00033_2023_10_13_120004.jpg,0.35112,0.34958,downloaded
2023-10-14,DB_2000,NEON.D11.CLBJ.DP1.00033_2023_10_14_120004.jpg,0.35006,0.34897,downloaded
2023-10-15,DB_2000,NEON.D11.CLBJ.DP1.00033_2023_10_15_120004.jpg,0.34917,0.34670,downloaded
2023-10-16,DB_2000,NEON.D11.CLBJ.DP1.00033_2023_10_16_120004.jpg,0.34846,0.34731,downloaded
2023-10-17,DB_2000,NEON.D11.CLBJ.DP1.00033_2023_10_17_120004.jpg,0.35003,0.34835,downloaded
2023-10-18,DB_2000,NEON.D11.CLBJ.DP1.00033_2023_10_18_120004.jpg,0.35022,0.34904,downloaded
2023-10-19,DB_2000,NEON.D11.CLBJ.DP1.00033_2023_10_19_120004.jpg,0.34940,0.34837,downloaded
2023-10-20,DB_2000,NEON.D11.CLBJ.DP1.00033_2023_10_20_120004.jpg,0.34976,0.34883,downloaded
2023-10-21,DB_2000,NEON.D11.CLBJ.DP1.00033_2023_10_21_120004.jpg,0.34888,0.34780,downloaded
2023-10-22,DB_2000,NEON.D11.CLBJ.DP1.00033_2023_10_22_120004.jpg,0.34899,0.34814,downloaded
2023-10-23,DB_2000,NEON.D11.CLBJ.DP1.00033_2023_10_23_120004.jpg,0.34802,0.34911,downloaded
2023-10-24,DB_2000,NEON.D11.CLBJ.DP1.00033_2023_10_24_120004.jpg,0.35971,0.35192,downloaded
2023-10-25,DB_2000,NEON.D11.CLBJ.DP1.00033_2023_10_25_120004.jpg,0.34711,0.34852,downloaded
2023-10-26,DB_2000,NEON.D11.CLBJ.DP1.00033_2023_10_26_120004.jpg,0.35388,0.35203,downloaded
2023-10-27,DB_2000,NEON.D11.CLBJ.DP1.00033_2023_10_27_120005.jpg,0.34748,0.34893,downloaded
2023-10-28,DB_2000,NEON.D11.CLBJ.DP1.00033_2023_10_28_120004.jpg,0.35113,0.35059,downloaded
2023-10-29,DB_2000,NEON.D11.CLBJ.DP1.00033_2023_10_29_120004.jpg,0.34673,0.34681,downloaded
2023-10-30,DB_2000,NEON.D11.CLBJ.DP1.00033_2023_10_30_120004.jpg,0.34977,0.34798,downloaded
2023-10-31,DB_2000,NEON.D11.CLBJ.DP1.00033_2023_10_31_120004.jpg,0.34862,0.34721,downloaded
2023-11-01,DB_2000,NEON.D11.CLBJ.DP1.00033_2023_11_01_120004.jpg,0.34863,0.34727,downloaded
2023-11-02,DB_2000,NEON.D11.CLBJ.DP1.00033_2023_11_02_120006.jpg,0.34884,0.34712,downloaded
2023-11-03,DB_2000,NEON.D11.CLBJ.DP1.00033_2023_11_03_120006.jpg,0.34909,0.34766,downloaded
2023-11-04,DB_2000,NEON.D11.CLBJ.DP1.00033_2023_11_04_120006.jpg,0.34886,0.34739,downloaded
2023-11-05,DB_2000,NEON.D11.CLBJ.DP1.00033_2023_11_05_120005.jpg,0.34711,0.34616,downloaded
2023-11-06,DB_2000,NEON.D11.CLBJ.DP1.00033_2023_11_06_120006.jpg,0.34551,0.34489,downloaded
2023-11-07,DB_2000,NEON.D11.CLBJ.DP1.00033_2023_11_07_120006.jpg,0.34159,0.34147,downloaded
2023-11-08,DB_2000,NEON.D11.CLBJ.DP1.00033_2023_11_08_120004.jpg,0.33631,0.33657,downloaded
2023-11-09,DB_2000,NEON.D11.CLBJ.DP1.00033_2023_11_09_120004.jpg,0.33272,0.33392,downloaded
2023-11-10,DB_2000,NEON.D11.CLBJ.DP1.00033_2023_11_10_120006.jpg,0.32987,0.33116,downloaded
2023-11-11,DB_2000,NEON.D11.CLBJ.DP1.00033_2023_11_11_120006.jpg,0.33070,0.33000,downloaded
2023-11-12,DB_2000,NEON.D11.CLBJ.DP1.00033_2023_11_12_120006.jpg,0.32864,0.32935,downloaded
2023-11-13,DB_2000,NEON.D11.CLBJ.DP1.00033_2023_11_13_120006.jpg,0.32785,0.32914,downloaded
2023-11-14,DB_2000,NEON.D11.CLBJ.DP1.00033_2023_11_14_120006.jpg,0.32755,0.32808,downloaded
2023-11-15,DB_2000,NEON.D11.CLBJ.DP1.00033_2023_11_15_120006.jpg,0.32618,0.32675,downloaded
2023-11-16,DB_2000,NEON.D11.CLBJ.DP1.00033_2023_11_16_120006.jpg,0.32712,0.32672,downloaded
2023-11-17,DB_2000,NEON.D11.CLBJ.DP1.00033_2023_11_17_120006.jpg,0.33042,0.32939,downloaded
2023-11-18,DB_2000,NEON.D11.CLBJ.DP1.00033_2023_11_18_120006.jpg,0.32522,0.32611,downloaded
2023-11-19,DB_2000,NEON.D11.CLBJ.DP1.00033_2023_11_19_120005.jpg,0.33420,0.33022,downloaded
2023-11-20,DB_2000,NEON.D11.CLBJ.DP1.00033_2023_11_20_120006.jpg,0.32627,0.32680,downloaded
2023-11-21,DB_2000,NEON.D11.CLBJ.DP1.00033_2023_11_21_120004.jpg,0.32618,0.32630,downloaded
2023-11-22,DB_2000,NEON.D11.CLBJ.DP1.00033_2023_11_22_120006.jpg,0.32513,0.32551,downloaded
2023-11-23,DB_2000,NEON.D11.CLBJ.DP1.00033_2023_11_23_120004.jpg,0.32485,0.32509,downloaded
2023-11-24,DB_2000,NEON.D11.CLBJ.DP1.00033_2023_11_24_120006.jpg,0.32313,0.32347,downloaded
2023-11-25,DB_2000,NEON.D11.CLBJ.DP1.00033_2023_11_25_120006.jpg,0.32215,0.32295,downloaded
2023-11-26,DB_2000,NEON.D11.CLBJ.DP1.00033_2023_11_26_120006.jpg,0.32247,0.32322,downloaded
2023-11-27,DB_2000,NEON.D11.CLBJ.DP1.00033_2023_11_27_120006.jpg,0.32297,0.32354,downloaded
2023-11-28,DB_2000,NEON.D11.CLBJ.DP1.00033_2023_11_28_120004.jpg,0.32298,0.32333,downloaded
2023-11-29,DB_2000,NEON.D11.CLBJ.DP1.00033_2023_11_29_120004.jpg,0.32351,0.32313,downloaded
2023-11-30,DB_2000,NEON.D11.CLBJ.DP1.00033_2023_11_30_120004.jpg,0.32317,0.32339,downloaded
2023-12-01,DB_2000,NEON.D11.CLBJ.DP1.00033_2023_12_01_120004.jpg,0.31907,0.31986,downloaded
2023-12-02,DB_2000,NEON.D11.CLBJ.DP1.00033_2023_12_02_120006.jpg,0.32237,0.32050,downloaded
2023-12-03,DB_2000,NEON.D11.CLBJ.DP1.00033_2023_12_03_120004.jpg,0.31999,0.32071,downloaded
2023-12-04,DB_2000,NEON.D11.CLBJ.DP1.00033_2023_12_04_120006.jpg,0.31974,0.32046,downloaded
2023-12-05,DB_2000,NEON.D11.CLBJ.DP1.00033_2023_12_05_120006.jpg,0.31969,0.32029,downloaded
2023-12-06,DB_2000,NEON.D11.CLBJ.DP1.00033_2023_12_06_120006.jpg,0.31907,0.32010,downloaded
2023-12-07,DB_2000,NEON.D11.CLBJ.DP1.00033_2023_12_07_120006.jpg,0.32135,0.32136,downloaded
2023-12-08,DB_2000,NEON.D11.CLBJ.DP1.00033_2023_12_08_120005.jpg,0.32221,0.32293,downloaded
2023-12-09,DB_2000,NEON.D11.CLBJ.DP1.00033_2023_12_09_120005.jpg,0.32230,0.32318,downloaded
2023-12-10,DB_2000,NEON.D11.CLBJ.DP1.00033_2023_12_10_120005.jpg,0.32205,0.32275,downloaded
2023-12-11,DB_2000,NEON.D11.CLBJ.DP1.00033_2023_12_11_120005.jpg,0.32308,0.32417,downloaded
2023-12-12,DB_2000,NEON.D11.CLBJ.DP1.00033_2023_12_12_120005.jpg,0.32305,0.32356,downloaded
2023-12-13,DB_2000,NEON.D11.CLBJ.DP1.00033_2023_12_13_120005.jpg,0.32356,0.32391,downloaded
2023-12-14,DB_2000,NEON.D11.CLBJ.DP1.00033_2023_12_14_120005.jpg,0.32321,0.32435,downloaded
2023-12-15,DB_2000,NEON.D11.CLBJ.DP1.00033_2023_12_15_120006.jpg,0.32604,0.32511,downloaded
2023-12-16,DB_2000,NEON.D11.CLBJ.DP1.00033_2023_12_16_120006.jpg,0.32345,0.32453,downloaded
2023-12-17,DB_2000,NEON.D11.CLBJ.DP1.00033_2023_12_17_120005.jpg,0.32428,0.32539,downloaded
2023-12-18,DB_2000,NEON.D11.CLBJ.DP1.00033_2023_12_18_120005.jpg,0.32401,0.32492,downloaded
2023-12-19,DB_2000,NEON.D11.CLBJ.DP1.00033_2023_12_19_120005.jpg,0.32371,0.32423,downloaded
2023-12-20,DB_2000,NEON.D11.CLBJ.DP1.00033_2023_12_20_120006.jpg,0.32441,0.32359,downloaded
2023-12-21,DB_2000,NEON.D11.CLBJ.DP1.00033_2023_12_21_120006.jpg,0.32686,0.32624,downloaded
2023-12-22,DB_2000,NEON.D11.CLBJ.DP1.00033_2023_12_22_120006.jpg,0.32657,0.32553,downloaded
2023-12-23,DB_2000,NEON.D11.CLBJ.DP1.00033_2023_12_23_120005.jpg,0.32408,0.32564,downloaded
2023-12-24,DB_2000,NEON.D11.CLBJ.DP1.00033_2023_12_24_120005.jpg,0.32740,0.32709,downloaded
2023-12-25,DB_2000,NEON.D11.CLBJ.DP1.00033_2023_12_25_120005.jpg,0.32455,0.32509,downloaded
2023-12-26,DB_2000,NEON.D11.CLBJ.DP1.00033_2023_12_26_120006.jpg,0.32464,0.32538,downloaded
2023-12-27,DB_2000,NEON.D11.CLBJ.DP1.00033_2023_12_27_120005.jpg,0.32368,0.32492,downloaded
2023-12-28,DB_2000,NEON.D11.CLBJ.DP1.00033_2023_12_28_120006.jpg,0.32385,0.32405,downloaded
2023-12-29,DB_2000,NEON.D11.CLBJ.DP1.00033_2023_12_29_120006.jpg,0.32435,0.32492,downloaded
2023-12-30,DB_2000,NEON.D11.CLBJ.DP1.00033_2023_12_30_120006.jpg,0.32484,0.32558,downloaded
2023-12-31,DB_2000,NEON.D11.CLBJ.DP1.00033_2023_12_31_120006.jpg,0.32384,0.32431,downloaded
2024-01-01,DB_2000,NEON.D11.CLBJ.DP1.00033_2024_01_01_120006.jpg,0.32187,0.32309,downloaded
2024-01-02,DB_2000,NEON.D11.CLBJ.DP1.00033_2024_01_02_120005.jpg,0.32337,0.32332,downloaded
2024-01-03,DB_2000,NEON.D11.CLBJ.DP1.00033_2024_01_03_120006.jpg,0.32415,0.32444,downloaded
2024-01-04,DB_2000,NEON.D11.CLBJ.DP1.00033_2024_01_04_120006.jpg,0.32406,0.32356,downloaded
2024-01-05,DB_2000,NEON.D11.CLBJ.DP1.00033_2024_01_05_120006.jpg,0.32415,0.32418,downloaded
2024-01-06,DB_2000,NEON.D11.CLBJ.DP1.00033_2024_01_06_120005.jpg,0.32260,0.32315,downloaded
2024-01-07,DB_2000,NEON.D11.CLBJ.DP1.00033_2024_01_07_120005.jpg,0.32355,0.32410,downloaded
2024-01-08,DB_2000,NEON.D11.CLBJ.DP1.00033_2024_01_08_120006.jpg,0.32667,0.32495,downloaded
2024-01-24,DB_3000,NEON.D11.CLBJ.DP1.00033_2024_01_24_120005.jpg,0.34518,0.34457,downloaded
2024-01-25,DB_3000,NEON.D11.CLBJ.DP1.00033_2024_01_25_120006.jpg,0.34303,0.34332,downloaded
2024-01-26,DB_3000,NEON.D11.CLBJ.DP1.00033_2024_01_26_120005.jpg,0.34386,0.34471,downloaded
2024-01-27,DB_3000,NEON.D11.CLBJ.DP1.00033_2024_01_27_120005.jpg,0.34191,0.34269,downloaded
2024-01-28,DB_3000,NEON.D11.CLBJ.DP1.00033_2024_01_28_120005.jpg,0.34294,0.34278,downloaded
2024-01-29,DB_3000,NEON.D11.CLBJ.DP1.00033_2024_01_29_123005.jpg,0.34342,0.34308,downloaded
2024-01-30,DB_3000,NEON.D11.CLBJ.DP1.00033_2024_01_30_113005.jpg,0.34315,0.34299,downloaded
2024-01-31,DB_3000,NEON.D11.CLBJ.DP1.00033_2024_01_31_120006.jpg,0.34369,0.34283,downloaded
2024-02-01,DB_3000,NEON.D11.CLBJ.DP1.00033_2024_02_01_120006.jpg,0.34358,0.34319,downloaded
2024-02-02,DB_3000,NEON.D11.CLBJ.DP1.00033_2024_02_02_120006.jpg,0.34332,0.34489,downloaded
2024-02-03,DB_3000,NEON.D11.CLBJ.DP1.00033_2024_02_03_120006.jpg,0.34410,0.34446,downloaded
2024-02-04,DB_3000,,,,no_image
2024-02-05,DB_3000,,,,no_image
2024-02-06,DB_3000,,,,no_image
2024-02-07,DB_3000,,,,no_image
2024-02-08,DB_3000,,,,no_image
2024-02-09,DB_3000,NEON.D11.CLBJ.DP1.00033_2024_02_09_120007.jpg,0.34253,0.34308,downloaded
2024-02-10,DB_3000,,,,no_image
2024-02-11,DB_3000,,,,no_image
2024-02-12,DB_3000,,,,no_image
2024-02-13,DB_3000,,,,no_image
2024-02-14,DB_3000,,,,no_image
2024-02-15,DB_3000,,,,no_image
2024-02-16,DB_3000,,,,no_image
2024-02-17,DB_3000,,,,no_image
2024-02-18,DB_3000,,,,no_image
2024-02-19,DB_3000,,,,no_image
2024-02-20,DB_3000,,,,no_image
2024-02-21,DB_3000,,,,no_image
2024-02-22,DB_3000,,,,no_image
2024-02-23,DB_3000,,,,no_image
2024-02-24,DB_3000,,,,no_image
2024-02-25,DB_3000,,,,no_image
2024-02-26,DB_3000,,,,no_image
2024-02-27,DB_3000,,,,no_image
2024-02-28,DB_3000,,,,no_image
2024-02-29,DB_3000,,,,no_image
2024-03-01,DB_3000,,,,no_image
2024-03-02,DB_3000,,,,no_image
2024-03-03,DB_3000,,,,no_image
2024-03-04,DB_3000,,,,no_image
2024-03-05,DB_3000,,,,no_image
2024-03-06,DB_3000,NEON.D11.CLBJ.DP1.00033_2024_03_06_120006.jpg,0.34418,0.34394,downloaded
2024-03-07,DB_3000,NEON.D11.CLBJ.DP1.00033_2024_03_07_120006.jpg,0.34506,0.34767,downloaded
2024-03-08,DB_3000,NEON.D11.CLBJ.DP1.00033_2024_03_08_120006.jpg,0.34496,0.34611,downloaded
2024-03-09,DB_3000,NEON.D11.CLBJ.DP1.00033_2024_03_09_120006.jpg,0.34418,0.34379,downloaded
2024-03-10,DB_3000,NEON.D11.CLBJ.DP1.00033_2024_03_10_120006.jpg,0.34414,0.34377,downloaded
2024-03-11,DB_3000,NEON.D11.CLBJ.DP1.00033_2024_03_11_120006.jpg,0.34474,0.34412,downloaded
2024-03-12,DB_3000,NEON.D11.CLBJ.DP1.00033_2024_03_12_120006.jpg,0.34424,0.34465,downloaded
2024-03-13,DB_3000,NEON.D11.CLBJ.DP1.00033_2024_03_13_120006.jpg,0.34564,0.34542,downloaded
2024-03-14,DB_3000,NEON.D11.CLBJ.DP1.00033_2024_03_14_120006.jpg,0.34691,0.34649,downloaded
2024-03-15,DB_3000,NEON.D11.CLBJ.DP1.00033_2024_03_15_120006.jpg,0.34962,0.34723,downloaded
2024-03-16,DB_3000,NEON.D11.CLBJ.DP1.00033_2024_03_16_120005.jpg,0.35505,0.35196,downloaded
2024-03-17,DB_3000,NEON.D11.CLBJ.DP1.00033_2024_03_17_120006.jpg,0.34860,0.34832,downloaded
2024-03-18,DB_3000,NEON.D11.CLBJ.DP1.00033_2024_03_18_120006.jpg,0.34707,0.34648,downloaded
2024-03-19,DB_3000,NEON.D11.CLBJ.DP1.00033_2024_03_19_120006.jpg,0.34857,0.34699,downloaded
2024-03-20,DB_3000,NEON.D11.CLBJ.DP1.00033_2024_03_20_120006.jpg,0.34721,0.34802,downloaded
2024-03-21,DB_3000,NEON.D11.CLBJ.DP1.00033_2024_03_21_120006.jpg,0.35193,0.35058,downloaded
2024-03-22,DB_3000,NEON.D11.CLBJ.DP1.00033_2024_03_22_120005.jpg,0.35057,0.35127,downloaded
2024-03-23,DB_3000,NEON.D11.CLBJ.DP1.00033_2024_03_23_120006.jpg,0.34981,0.34939,downloaded
2024-03-24,DB_3000,NEON.D11.CLBJ.DP1.00033_2024_03_24_120006.jpg,0.35114,0.35221,downloaded
2024-03-25,DB_3000,NEON.D11.CLBJ.DP1.00033_2024_03_25_120006.jpg,0.35225,0.35161,downloaded
2024-03-26,DB_3000,NEON.D11.CLBJ.DP1.00033_2024_03_26_120006.jpg,0.35188,0.35031,downloaded
2024-03-27,DB_3000,NEON.D11.CLBJ.DP1.00033_2024_03_27_120006.jpg,0.35218,0.35108,downloaded
2024-03-28,DB_3000,NEON.D11.CLBJ.DP1.00033_2024_03_28_120006.jpg,0.35259,0.35110,downloaded
2024-03-29,DB_3000,NEON.D11.CLBJ.DP1.00033_2024_03_29_120006.jpg,0.35433,0.35480,downloaded
2024-03-30,DB_3000,NEON.D11.CLBJ.DP1.00033_2024_03_30_120006.jpg,0.35959,0.35818,downloaded
2024-03-31,DB_3000,NEON.D11.CLBJ.DP1.00033_2024_03_31_120006.jpg,0.36509,0.36485,downloaded
2024-04-01,DB_3000,NEON.D11.CLBJ.DP1.00033_2024_04_01_120005.jpg,0.36845,0.37108,downloaded
2024-04-02,DB_3000,NEON.D11.CLBJ.DP1.00033_2024_04_02_120005.jpg,0.37131,0.37121,downloaded
2024-04-03,DB_3000,NEON.D11.CLBJ.DP1.00033_2024_04_03_120006.jpg,0.37212,0.36856,downloaded
2024-04-04,DB_3000,NEON.D11.CLBJ.DP1.00033_2024_04_04_120005.jpg,0.37567,0.37121,downloaded
2024-04-05,DB_3000,NEON.D11.CLBJ.DP1.00033_2024_04_05_120006.jpg,0.38212,0.37907,downloaded
2024-04-06,DB_3000,NEON.D11.CLBJ.DP1.00033_2024_04_06_120006.jpg,0.39335,0.39052,downloaded
2024-04-07,DB_3000,NEON.D11.CLBJ.DP1.00033_2024_04_07_120006.jpg,0.39523,0.38883,downloaded
2024-04-08,DB_3000,NEON.D11.CLBJ.DP1.00033_2024_04_08_120006.jpg,0.40380,0.39717,downloaded
2024-04-09,DB_3000,NEON.D11.CLBJ.DP1.00033_2024_04_09_120005.jpg,0.42165,0.41805,downloaded
2024-04-10,DB_3000,NEON.D11.CLBJ.DP1.00033_2024_04_10_120006.jpg,0.43324,0.41752,downloaded
2024-04-11,DB_3000,NEON.D11.CLBJ.DP1.00033_2024_04_11_120006.jpg,0.41809,0.40669,downloaded
2024-04-12,DB_3000,NEON.D11.CLBJ.DP1.00033_2024_04_12_120006.jpg,0.41063,0.40566,downloaded
2024-04-13,DB_3000,NEON.D11.CLBJ.DP1.00033_2024_04_13_120006.jpg,0.41277,0.40771,downloaded
2024-04-14,DB_3000,NEON.D11.CLBJ.DP1.00033_2024_04_14_120006.jpg,0.42123,0.41483,downloaded
2024-04-15,DB_3000,NEON.D11.CLBJ.DP1.00033_2024_04_15_120005.jpg,0.43191,0.43485,downloaded
2024-04-16,DB_3000,NEON.D11.CLBJ.DP1.00033_2024_04_16_120005.jpg,0.41899,0.41442,downloaded
2024-04-17,DB_3000,NEON.D11.CLBJ.DP1.00033_2024_04_17_120005.jpg,0.42588,0.42226,downloaded
2024-04-18,DB_3000,NEON.D11.CLBJ.DP1.00033_2024_04_18_120006.jpg,0.42870,0.41834,downloaded
2024-04-19,DB_3000,NEON.D11.CLBJ.DP1.00033_2024_04_19_120004.jpg,0.42896,0.43034,downloaded
2024-04-20,DB_3000,NEON.D11.CLBJ.DP1.00033_2024_04_20_120005.jpg,0.42633,0.43307,downloaded
2024-04-21,DB_3000,NEON.D11.CLBJ.DP1.00033_2024_04_21_120005.jpg,0.42747,0.41691,downloaded
2024-04-22,DB_3000,NEON.D11.CLBJ.DP1.00033_2024_04_22_120004.jpg,0.42392,0.41080,downloaded
2024-04-23,DB_3000,NEON.D11.CLBJ.DP1.00033_2024_04_23_120006.jpg,0.42080,0.41070,downloaded
2024-04-24,DB_3000,NEON.D11.CLBJ.DP1.00033_2024_04_24_120006.jpg,0.41682,0.41985,downloaded
2024-04-25,DB_3000,NEON.D11.CLBJ.DP1.00033_2024_04_25_120005.jpg,0.42048,0.42230,downloaded
2024-04-26,DB_3000,NEON.D11.CLBJ.DP1.00033_2024_04_26_120006.jpg,0.41340,0.41091,downloaded
2024-04-27,DB_3000,NEON.D11.CLBJ.DP1.00033_2024_04_27_120006.jpg,0.41806,0.41461,downloaded
2024-04-28,DB_3000,NEON.D11.CLBJ.DP1.00033_2024_04_28_120006.jpg,0.41953,0.41695,downloaded
2024-04-29,DB_3000,NEON.D11.CLBJ.DP1.00033_2024_04_29_120006.jpg,0.41924,0.40113,downloaded
2024-04-30,DB_3000,NEON.D11.CLBJ.DP1.00033_2024_04_30_120006.jpg,0.41386,0.40630,downloaded
2024-05-01,DB_3000,NEON.D11.CLBJ.DP1.00033_2024_05_01_120006.jpg,0.41643,0.41561,downloaded
2024-05-02,DB_3000,NEON.D11.CLBJ.DP1.00033_2024_05_02_120006.jpg,0.41675,0.41414,downloaded
2024-05-03,DB_3000,NEON.D11.CLBJ.DP1.00033_2024_05_03_120006.jpg,0.41432,0.40977,downloaded
2024-05-04,DB_3000,NEON.D11.CLBJ.DP1.00033_2024_05_04_120006.jpg,0.41659,0.41190,downloaded
2024-05-05,DB_3000,NEON.D11.CLBJ.DP1.00033_2024_05_05_120006.jpg,0.41682,0.40969,downloaded
2024-05-06,DB_3000,NEON.D11.CLBJ.DP1.00033_2024_05_06_120004.jpg,0.41258,0.40810,downloaded
2024-05-07,DB_3000,NEON.D11.CLBJ.DP1.00033_2024_05_07_120006.jpg,0.41413,0.40258,downloaded
2024-05-08,DB_3000,NEON.D11.CLBJ.DP1.00033_2024_05_08_120006.jpg,0.40861,0.40203,downloaded
2024-05-09,DB_3000,NEON.D11.CLBJ.DP1.00033_2024_05_09_120006.jpg,0.42423,0.41640,downloaded
2024-05-10,DB_3000,NEON.D11.CLBJ.DP1.00033_2024_05_10_120006.jpg,0.41303,0.40602,downloaded
2024-05-11,DB_3000,NEON.D11.CLBJ.DP1.00033_2024_05_11_120006.jpg,0.41171,0.40706,downloaded
2024-05-12,DB_3000,NEON.D11.CLBJ.DP1.00033_2024_05_12_120006.jpg,0.38182,0.40855,downloaded
2024-05-13,DB_3000,NEON.D11.CLBJ.DP1.00033_2024_05_13_120006.jpg,0.40926,0.40738,downloaded
2024-05-14,DB_3000,NEON.D11.CLBJ.DP1.00033_2024_05_14_120006.jpg,0.41206,0.40297,downloaded
2024-05-15,DB_3000,NEON.D11.CLBJ.DP1.00033_2024_05_15_120006.jpg,0.40084,0.39779,downloaded
2024-05-16,DB_3000,NEON.D11.CLBJ.DP1.00033_2024_05_16_120006.jpg,0.40561,0.40585,downloaded
2024-05-17,DB_3000,NEON.D11.CLBJ.DP1.00033_2024_05_17_120006.jpg,0.40388,0.39865,downloaded
2024-05-18,DB_3000,NEON.D11.CLBJ.DP1.00033_2024_05_18_120006.jpg,0.40100,0.39542,downloaded
2024-05-19,DB_3000,NEON.D11.CLBJ.DP1.00033_2024_05_19_120006.jpg,0.40212,0.39589,downloaded
2024-05-20,DB_3000,NEON.D11.CLBJ.DP1.00033_2024_05_20_120006.jpg,0.39845,0.39415,downloaded
2024-05-21,DB_3000,NEON.D11.CLBJ.DP1.00033_2024_05_21_120006.jpg,0.40422,0.39829,downloaded
2024-05-22,DB_3000,NEON.D11.CLBJ.DP1.00033_2024_05_22_120006.jpg,0.41202,0.40224,downloaded
2024-05-23,DB_3000,NEON.D11.CLBJ.DP1.00033_2024_05_23_120006.jpg,0.40197,0.39925,downloaded
2024-05-24,DB_3000,NEON.D11.CLBJ.DP1.00033_2024_05_24_120006.jpg,0.40200,0.39748,downloaded
2024-05-25,DB_3000,NEON.D11.CLBJ.DP1.00033_2024_05_25_120006.jpg,0.40308,0.39884,downloaded
2024-05-26,DB_3000,NEON.D11.CLBJ.DP1.00033_2024_05_26_120006.jpg,0.39772,0.39328,downloaded
2024-05-27,DB_3000,NEON.D11.CLBJ.DP1.00033_2024_05_27_120006.jpg,0.40006,0.39576,downloaded
2024-05-28,DB_3000,NEON.D11.CLBJ.DP1.00033_2024_05_28_120006.jpg,0.40175,0.40505,downloaded
2024-05-29,DB_3000,NEON.D11.CLBJ.DP1.00033_2024_05_29_120006.jpg,0.40231,0.39781,downloaded
2024-05-30,DB_3000,NEON.D11.CLBJ.DP1.00033_2024_05_30_120006.jpg,0.40132,0.41073,downloaded
2024-05-31,DB_3000,NEON.D11.CLBJ.DP1.00033_2024_05_31_120006.jpg,0.40233,0.40056,downloaded
2024-06-01,DB_3000,NEON.D11.CLBJ.DP1.00033_2024_06_01_120006.jpg,0.40578,0.40256,downloaded
2024-06-02,DB_3000,NEON.D11.CLBJ.DP1.00033_2024_06_02_120006.jpg,0.40565,0.40587,downloaded
2024-06-03,DB_3000,NEON.D11.CLBJ.DP1.00033_2024_06_03_120006.jpg,0.40185,0.40116,downloaded
2024-06-04,DB_3000,NEON.D11.CLBJ.DP1.00033_2024_06_04_120006.jpg,0.40644,0.39948,downloaded
2024-06-05,DB_3000,NEON.D11.CLBJ.DP1.00033_2024_06_05_113006.jpg,0.40070,0.39707,downloaded
2024-06-06,DB_3000,NEON.D11.CLBJ.DP1.00033_2024_06_06_120006.jpg,0.40089,0.39533,downloaded
2024-06-07,DB_3000,NEON.D11.CLBJ.DP1.00033_2024_06_07_120006.jpg,0.39924,0.39421,downloaded
2024-06-08,DB_3000,NEON.D11.CLBJ.DP1.00033_2024_06_08_120006.jpg,0.39922,0.39334,downloaded
2024-06-09,DB_3000,NEON.D11.CLBJ.DP1.00033_2024_06_09_120006.jpg,0.40101,0.39657,downloaded
2024-06-10,DB_3000,NEON.D11.CLBJ.DP1.00033_2024_06_10_120006.jpg,0.40823,0.40705,downloaded
2024-06-11,DB_3000,NEON.D11.CLBJ.DP1.00033_2024_06_11_120006.jpg,0.40167,0.40414,downloaded
2024-06-12,DB_3000,NEON.D11.CLBJ.DP1.00033_2024_06_12_120006.jpg,0.39726,0.39585,downloaded
2024-06-13,DB_3000,NEON.D11.CLBJ.DP1.00033_2024_06_13_120006.jpg,0.40016,0.39398,downloaded
2024-06-14,DB_3000,NEON.D11.CLBJ.DP1.00033_2024_06_14_120006.jpg,0.39964,0.39359,downloaded
2024-06-15,DB_3000,NEON.D11.CLBJ.DP1.00033_2024_06_15_120006.jpg,0.39958,0.39422,downloaded
2024-06-16,DB_3000,NEON.D11.CLBJ.DP1.00033_2024_06_16_120006.jpg,0.39731,0.39464,downloaded
2024-06-17,DB_3000,NEON.D11.CLBJ.DP1.00033_2024_06_17_120006.jpg,0.39611,0.39486,downloaded
2024-06-18,DB_3000,NEON.D11.CLBJ.DP1.00033_2024_06_18_120006.jpg,0.40127,0.39744,downloaded
2024-06-19,DB_3000,NEON.D11.CLBJ.DP1.00033_2024_06_19_120006.jpg,0.40198,0.39701,downloaded
2024-06-20,DB_3000,NEON.D11.CLBJ.DP1.00033_2024_06_20_120006.jpg,0.40460,0.40023,downloaded
2024-06-21,DB_3000,NEON.D11.CLBJ.DP1.00033_2024_06_21_120006.jpg,0.40098,0.39435,downloaded
2024-06-22,DB_3000,NEON.D11.CLBJ.DP1.00033_2024_06_22_120006.jpg,0.39499,0.39292,downloaded
2024-06-23,DB_3000,NEON.D11.CLBJ.DP1.00033_2024_06_23_120006.jpg,0.39781,0.39292,downloaded
2024-06-24,DB_3000,NEON.D11.CLBJ.DP1.00033_2024_06_24_120006.jpg,0.39775,0.39227,downloaded
2024-06-25,DB_3000,NEON.D11.CLBJ.DP1.00033_2024_06_25_120006.jpg,0.39665,0.39239,downloaded
2024-06-26,DB_3000,NEON.D11.CLBJ.DP1.00033_2024_06_26_120007.jpg,0.39783,0.39345,downloaded
2024-06-27,DB_3000,NEON.D11.CLBJ.DP1.00033_2024_06_27_120006.jpg,0.39858,0.39478,downloaded
2024-06-28,DB_3000,NEON.D11.CLBJ.DP1.00033_2024_06_28_120006.jpg,0.39523,0.39494,downloaded
2024-06-29,DB_3000,NEON.D11.CLBJ.DP1.00033_2024_06_29_120006.jpg,0.39683,0.39412,downloaded
2024-06-30,DB_3000,NEON.D11.CLBJ.DP1.00033_2024_06_30_110006.jpg,0.39386,0.39001,downloaded
2024-07-01,DB_3000,,,,no_image
2024-07-02,DB_3000,,,,no_image
2024-07-03,DB_3000,,,,no_image
2024-07-04,DB_3000,,,,no_image
2024-07-05,DB_3000,,,,no_image
2024-07-06,DB_3000,,,,no_image
2024-07-07,DB_3000,,,,no_image
2024-07-08,DB_3000,,,,no_image
2024-07-09,DB_3000,,,,no_image
2024-07-10,DB_3000,,,,no_image
2024-07-11,DB_3000,NEON.D11.CLBJ.DP1.00033_2024_07_11_120006.jpg,0.39753,0.39431,downloaded
2024-07-12,DB_3000,NEON.D11.CLBJ.DP1.00033_2024_07_12_120006.jpg,0.39924,0.39072,downloaded
2024-07-13,DB_3000,NEON.D11.CLBJ.DP1.00033_2024_07_13_120005.jpg,0.39435,0.39029,downloaded
2024-07-14,DB_3000,NEON.D11.CLBJ.DP1.00033_2024_07_14_120006.jpg,0.39366,0.38962,downloaded
2024-07-15,DB_3000,NEON.D11.CLBJ.DP1.00033_2024_07_15_120006.jpg,0.39449,0.38988,downloaded
2024-07-16,DB_3000,NEON.D11.CLBJ.DP1.00033_2024_07_16_120006.jpg,0.39577,0.39123,downloaded
2024-07-17,DB_3000,NEON.D11.CLBJ.DP1.00033_2024_07_17_120006.jpg,0.39733,0.39664,downloaded
2024-07-18,DB_3000,NEON.D11.CLBJ.DP1.00033_2024_07_18_120005.jpg,0.39465,0.39152,downloaded
2024-07-19,DB_3000,NEON.D11.CLBJ.DP1.00033_2024_07_19_120006.jpg,0.39620,0.39081,downloaded
2024-07-20,DB_3000,NEON.D11.CLBJ.DP1.00033_2024_07_20_120006.jpg,0.39397,0.39340,downloaded
2024-07-21,DB_3000,NEON.D11.CLBJ.DP1.00033_2024_07_21_120006.jpg,0.39534,0.39387,downloaded
2024-07-22,DB_3000,NEON.D11.CLBJ.DP1.00033_2024_07_22_120006.jpg,0.39792,0.39273,downloaded
2024-07-23,DB_3000,NEON.D11.CLBJ.DP1.00033_2024_07_23_120006.jpg,0.39544,0.39096,downloaded
2024-07-24,DB_3000,NEON.D11.CLBJ.DP1.00033_2024_07_24_120006.jpg,0.39694,0.38834,downloaded
2024-07-25,DB_3000,NEON.D11.CLBJ.DP1.00033_2024_07_25_120005.jpg,0.39568,0.39088,downloaded
2024-07-26,DB_3000,NEON.D11.CLBJ.DP1.00033_2024_07_26_120006.jpg,0.39627,0.39326,downloaded
2024-07-27,DB_3000,NEON.D11.CLBJ.DP1.00033_2024_07_27_120006.jpg,0.39305,0.39185,downloaded
2024-07-28,DB_3000,NEON.D11.CLBJ.DP1.00033_2024_07_28_120006.jpg,0.39229,0.38932,downloaded
2024-07-29,DB_3000,NEON.D11.CLBJ.DP1.00033_2024_07_29_120006.jpg,0.39086,0.38890,downloaded
2024-07-30,DB_3000,NEON.D11.CLBJ.DP1.00033_2024_07_30_120006.jpg,0.38975,0.38588,downloaded
2024-07-31,DB_3000,NEON.D11.CLBJ.DP1.00033_2024_07_31_120006.jpg,0.39159,0.38573,downloaded
2024-08-01,DB_3000,NEON.D11.CLBJ.DP1.00033_2024_08_01_120006.jpg,0.38822,0.38448,downloaded
2024-08-02,DB_3000,NEON.D11.CLBJ.DP1.00033_2024_08_02_120006.jpg,0.39007,0.38807,downloaded
2024-08-03,DB_3000,NEON.D11.CLBJ.DP1.00033_2024_08_03_120006.jpg,0.38815,0.38545,downloaded
2024-08-04,DB_3000,NEON.D11.CLBJ.DP1.00033_2024_08_04_120006.jpg,0.38841,0.38564,downloaded
2024-08-05,DB_3000,NEON.D11.CLBJ.DP1.00033_2024_08_05_120006.jpg,0.38932,0.38465,downloaded
2024-08-06,DB_3000,NEON.D11.CLBJ.DP1.00033_2024_08_06_120006.jpg,0.38929,0.38482,downloaded
2024-08-07,DB_3000,NEON.D11.CLBJ.DP1.00033_2024_08_07_120006.jpg,0.38745,0.38419,downloaded
2024-08-08,DB_3000,NEON.D11.CLBJ.DP1.00033_2024_08_08_120006.jpg,0.38857,0.38495,downloaded
2024-08-09,DB_3000,NEON.D11.CLBJ.DP1.00033_2024_08_09_120006.jpg,0.39328,0.39156,downloaded
2024-08-10,DB_3000,NEON.D11.CLBJ.DP1.00033_2024_08_10_120006.jpg,0.39109,0.39027,downloaded
2024-08-11,DB_3000,NEON.D11.CLBJ.DP1.00033_2024_08_11_120006.jpg,0.39107,0.38930,downloaded
2024-08-12,DB_3000,NEON.D11.CLBJ.DP1.00033_2024_08_12_120006.jpg,0.38759,0.38465,downloaded
2024-08-13,DB_3000,NEON.D11.CLBJ.DP1.00033_2024_08_13_120006.jpg,0.38603,0.38333,downloaded
2024-08-14,DB_3000,NEON.D11.CLBJ.DP1.00033_2024_08_14_120006.jpg,0.38629,0.38326,downloaded
2024-08-15,DB_3000,NEON.D11.CLBJ.DP1.00033_2024_08_15_120006.jpg,0.38493,0.38240,downloaded
2024-08-16,DB_3000,NEON.D11.CLBJ.DP1.00033_2024_08_16_120006.jpg,0.38609,0.38258,downloaded
2024-08-17,DB_3000,NEON.D11.CLBJ.DP1.00033_2024_08_17_120006.jpg,0.38466,0.38288,downloaded
2024-08-18,DB_3000,NEON.D11.CLBJ.DP1.00033_2024_08_18_120006.jpg,0.38388,0.38001,downloaded
2024-08-19,DB_3000,NEON.D11.CLBJ.DP1.00033_2024_08_19_120006.jpg,0.38399,0.38077,downloaded
2024-08-20,DB_3000,NEON.D11.CLBJ.DP1.00033_2024_08_20_120005.jpg,0.38343,0.38078,downloaded
2024-08-21,DB_3000,NEON.D11.CLBJ.DP1.00033_2024_08_21_120006.jpg,0.38368,0.38030,downloaded
2024-08-22,DB_3000,NEON.D11.CLBJ.DP1.00033_2024_08_22_120006.jpg,0.38375,0.38049,downloaded
2024-08-23,DB_3000,NEON.D11.CLBJ.DP1.00033_2024_08_23_120006.jpg,0.38230,0.37985,downloaded
2024-08-24,DB_3000,NEON.D11.CLBJ.DP1.00033_2024_08_24_120006.jpg,0.38301,0.38128,downloaded
2024-08-25,DB_3000,NEON.D11.CLBJ.DP1.00033_2024_08_25_120005.jpg,0.38310,0.37977,downloaded
2024-08-26,DB_3000,NEON.D11.CLBJ.DP1.00033_2024_08_26_120006.jpg,0.38196,0.37975,downloaded
2024-08-27,DB_3000,NEON.D11.CLBJ.DP1.00033_2024_08_27_120006.jpg,0.38102,0.37919,downloaded
2024-08-28,DB_3000,NEON.D11.CLBJ.DP1.00033_2024_08_28_120006.jpg,0.37905,0.37942,downloaded
2024-08-29,DB_3000,NEON.D11.CLBJ.DP1.00033_2024_08_29_120006.jpg,0.38691,0.37963,downloaded
2024-08-30,DB_3000,NEON.D11.CLBJ.DP1.00033_2024_08_30_120006.jpg,0.38521,0.38485,downloaded
2024-08-31,DB_3000,NEON.D11.CLBJ.DP1.00033_2024_08_31_120006.jpg,0.37653,0.38746,downloaded
2024-09-01,DB_3000,NEON.D11.CLBJ.DP1.00033_2024_09_01_120006.jpg,0.38590,0.38833,downloaded
2024-09-02,DB_3000,NEON.D11.CLBJ.DP1.00033_2024_09_02_120006.jpg,0.39137,0.39128,downloaded
2024-09-03,DB_3000,NEON.D11.CLBJ.DP1.00033_2024_09_03_120006.jpg,0.39113,0.39281,downloaded
2024-09-04,DB_3000,NEON.D11.CLBJ.DP1.00033_2024_09_04_120006.jpg,0.37212,0.38495,downloaded
2024-09-05,DB_3000,NEON.D11.CLBJ.DP1.00033_2024_09_05_120006.jpg,0.38683,0.38768,downloaded
2024-09-06,DB_3000,NEON.D11.CLBJ.DP1.00033_2024_09_06_120006.jpg,0.38891,0.38551,downloaded
2024-09-07,DB_3000,NEON.D11.CLBJ.DP1.00033_2024_09_07_120006.jpg,0.38660,0.38315,downloaded
2024-09-08,DB_3000,NEON.D11.CLBJ.DP1.00033_2024_09_08_120006.jpg,0.38526,0.38108,downloaded
2024-09-09,DB_3000,NEON.D11.CLBJ.DP1.00033_2024_09_09_120006.jpg,0.38322,0.37953,downloaded
2024-09-10,DB_3000,NEON.D11.CLBJ.DP1.00033_2024_09_10_120006.jpg,0.38286,0.37929,downloaded
2024-09-11,DB_3000,NEON.D11.CLBJ.DP1.00033_2024_09_11_120006.jpg,0.38853,0.38385,downloaded
2024-09-12,DB_3000,NEON.D11.CLBJ.DP1.00033_2024_09_12_120006.jpg,0.38603,0.38199,downloaded
2024-09-13,DB_3000,NEON.D11.CLBJ.DP1.00033_2024_09_13_120006.jpg,0.38456,0.38148,downloaded
2024-09-14,DB_3000,NEON.D11.CLBJ.DP1.00033_2024_09_14_120006.jpg,0.39146,0.38899,downloaded
2024-09-15,DB_3000,NEON.D11.CLBJ.DP1.00033_2024_09_15_120006.jpg,0.38583,0.38324,downloaded
2024-09-16,DB_3000,NEON.D11.CLBJ.DP1.00033_2024_09_16_120006.jpg,0.38467,0.38104,downloaded
2024-09-17,DB_3000,NEON.D11.CLBJ.DP1.00033_2024_09_17_120006.jpg,0.38439,0.38095,downloaded
2024-09-18,DB_3000,NEON.D11.CLBJ.DP1.00033_2024_09_18_120006.jpg,0.38398,0.38090,downloaded
2024-09-19,DB_3000,NEON.D11.CLBJ.DP1.00033_2024_09_19_120006.jpg,0.38294,0.37909,downloaded
2024-09-20,DB_3000,NEON.D11.CLBJ.DP1.00033_2024_09_20_120006.jpg,0.38260,0.37900,downloaded
2024-09-21,DB_3000,NEON.D11.CLBJ.DP1.00033_2024_09_21_120006.jpg,0.38242,0.37851,downloaded
2024-09-22,DB_3000,NEON.D11.CLBJ.DP1.00033_2024_09_22_120006.jpg,0.38251,0.38150,downloaded
2024-09-23,DB_3000,NEON.D11.CLBJ.DP1.00033_2024_09_23_120006.jpg,0.38816,0.38711,downloaded
2024-09-24,DB_3000,NEON.D11.CLBJ.DP1.00033_2024_09_24_120006.jpg,0.38171,0.37827,downloaded
2024-09-25,DB_3000,NEON.D11.CLBJ.DP1.00033_2024_09_25_120006.jpg,0.38168,0.37967,downloaded
2024-09-26,DB_3000,NEON.D11.CLBJ.DP1.00033_2024_09_26_120006.jpg,0.38153,0.37718,downloaded
2024-09-27,DB_3000,NEON.D11.CLBJ.DP1.00033_2024_09_27_120006.jpg,0.38133,0.37689,downloaded
2024-09-28,DB_3000,NEON.D11.CLBJ.DP1.00033_2024_09_28_120006.jpg,0.38082,0.37645,downloaded
2024-09-29,DB_3000,NEON.D11.CLBJ.DP1.00033_2024_09_29_120006.jpg,0.38113,0.37779,downloaded
2024-09-30,DB_3000,NEON.D11.CLBJ.DP1.00033_2024_09_30_120006.jpg,0.37951,0.37571,downloaded
2024-10-01,DB_3000,NEON.D11.CLBJ.DP1.00033_2024_10_01_120006.jpg,0.38004,0.37641,downloaded
2024-10-02,DB_3000,NEON.D11.CLBJ.DP1.00033_2024_10_02_120006.jpg,0.37959,0.37620,downloaded
2024-10-03,DB_3000,NEON.D11.CLBJ.DP1.00033_2024_10_03_120006.jpg,0.37960,0.37602,downloaded
2024-10-04,DB_3000,NEON.D11.CLBJ.DP1.00033_2024_10_04_120006.jpg,0.37966,0.37625,downloaded
2024-10-05,DB_3000,NEON.D11.CLBJ.DP1.00033_2024_10_05_120006.jpg,0.38510,0.37643,downloaded
2024-10-06,DB_3000,NEON.D11.CLBJ.DP1.00033_2024_10_06_120006.jpg,0.38031,0.37591,downloaded
2024-10-07,DB_3000,NEON.D11.CLBJ.DP1.00033_2024_10_07_120006.jpg,0.37935,0.37649,downloaded
2024-10-08,DB_3000,NEON.D11.CLBJ.DP1.00033_2024_10_08_120006.jpg,0.37876,0.37562,downloaded
2024-10-09,DB_3000,NEON.D11.CLBJ.DP1.00033_2024_10_09_120006.jpg,0.37835,0.37564,downloaded
2024-10-10,DB_3000,NEON.D11.CLBJ.DP1.00033_2024_10_10_120006.jpg,0.38455,0.37679,downloaded
2024-10-11,DB_3000,NEON.D11.CLBJ.DP1.00033_2024_10_11_120006.jpg,0.37979,0.37932,downloaded
2024-10-12,DB_3000,NEON.D11.CLBJ.DP1.00033_2024_10_12_120006.jpg,0.37670,0.37353,downloaded
2024-10-13,DB_3000,NEON.D11.CLBJ.DP1.00033_2024_10_13_120006.jpg,0.37666,0.37343,downloaded
2024-10-14,DB_3000,NEON.D11.CLBJ.DP1.00033_2024_10_14_120006.jpg,0.37684,0.37384,downloaded
2024-10-15,DB_3000,NEON.D11.CLBJ.DP1.00033_2024_10_15_120006.jpg,0.37619,0.37304,downloaded
2024-10-16,DB_3000,NEON.D11.CLBJ.DP1.00033_2024_10_16_120006.jpg,0.37406,0.37032,downloaded
2024-10-17,DB_3000,NEON.D11.CLBJ.DP1.00033_2024_10_17_120006.jpg,0.37536,0.37164,downloaded
2024-10-18,DB_3000,NEON.D11.CLBJ.DP1.00033_2024_10_18_120006.jpg,0.37437,0.37236,downloaded
2024-10-19,DB_3000,NEON.D11.CLBJ.DP1.00033_2024_10_19_120006.jpg,0.37348,0.37106,downloaded
2024-10-20,DB_3000,NEON.D11.CLBJ.DP1.00033_2024_10_20_120006.jpg,0.37265,0.36972,downloaded
2024-10-21,DB_3000,NEON.D11.CLBJ.DP1.00033_2024_10_21_120006.jpg,0.37191,0.36925,downloaded
2024-10-22,DB_3000,NEON.D11.CLBJ.DP1.00033_2024_10_22_120006.jpg,0.37202,0.37000,downloaded
2024-10-23,DB_3000,NEON.D11.CLBJ.DP1.00033_2024_10_23_120006.jpg,0.37127,0.36909,downloaded
2024-10-24,DB_3000,NEON.D11.CLBJ.DP1.00033_2024_10_24_120005.jpg,0.36929,0.36737,downloaded
2024-10-25,DB_3000,NEON.D11.CLBJ.DP1.00033_2024_10_25_120006.jpg,0.36903,0.36792,downloaded
2024-10-26,DB_3000,NEON.D11.CLBJ.DP1.00033_2024_10_26_120006.jpg,0.36735,0.36540,downloaded
2024-10-27,DB_3000,NEON.D11.CLBJ.DP1.00033_2024_10_27_120006.jpg,0.36640,0.36633,downloaded
2024-10-28,DB_3000,NEON.D11.CLBJ.DP1.00033_2024_10_28_120006.jpg,0.36672,0.36466,downloaded
2024-10-29,DB_3000,NEON.D11.CLBJ.DP1.00033_2024_10_29_120006.jpg,0.36724,0.36820,downloaded
2024-10-30,DB_3000,NEON.D11.CLBJ.DP1.00033_2024_10_30_120006.jpg,0.37506,0.37202,downloaded
2024-10-31,DB_3000,NEON.D11.CLBJ.DP1.00033_2024_10_31_120006.jpg,0.36961,0.36725,downloaded
2024-11-01,DB_3000,NEON.D11.CLBJ.DP1.00033_2024_11_01_120006.jpg,0.37660,0.37747,downloaded
2024-11-02,DB_3000,NEON.D11.CLBJ.DP1.00033_2024_11_02_120006.jpg,0.37917,0.37777,downloaded
2024-11-03,DB_3000,NEON.D11.CLBJ.DP1.00033_2024_11_03_120006.jpg,0.38437,0.38347,downloaded
2024-11-04,DB_3000,NEON.D11.CLBJ.DP1.00033_2024_11_04_120006.jpg,0.38229,0.38065,downloaded
2024-11-05,DB_3000,NEON.D11.CLBJ.DP1.00033_2024_11_05_120006.jpg,0.37375,0.37222,downloaded
2024-11-06,DB_3000,NEON.D11.CLBJ.DP1.00033_2024_11_06_120006.jpg,0.36990,0.36782,downloaded
2024-11-07,DB_3000,NEON.D11.CLBJ.DP1.00033_2024_11_07_120006.jpg,0.37612,0.37633,downloaded
2024-11-08,DB_3000,NEON.D11.CLBJ.DP1.00033_2024_11_08_120006.jpg,0.38313,0.37919,downloaded
2024-11-09,DB_3000,NEON.D11.CLBJ.DP1.00033_2024_11_09_120006.jpg,0.36988,0.36778,downloaded
2024-11-10,DB_3000,NEON.D11.CLBJ.DP1.00033_2024_11_10_120006.jpg,0.36949,0.36728,downloaded
2024-11-11,DB_3000,NEON.D11.CLBJ.DP1.00033_2024_11_11_120006.jpg,0.36812,0.36605,downloaded
2024-11-12,DB_3000,NEON.D11.CLBJ.DP1.00033_2024_11_12_120006.jpg,0.36834,0.36616,downloaded
2024-11-13,DB_3000,NEON.D11.CLBJ.DP1.00033_2024_11_13_120006.jpg,0.36714,0.36515,downloaded
2024-11-14,DB_3000,NEON.D11.CLBJ.DP1.00033_2024_11_14_120006.jpg,0.36593,0.36367,downloaded
2024-11-15,DB_3000,NEON.D11.CLBJ.DP1.00033_2024_11_15_120006.jpg,0.36522,0.36297,downloaded
2024-11-16,DB_3000,NEON.D11.CLBJ.DP1.00033_2024_11_16_120006.jpg,0.36479,0.36365,downloaded
2024-11-17,DB_3000,NEON.D11.CLBJ.DP1.00033_2024_11_17_120006.jpg,0.36930,0.37076,downloaded
2024-11-18,DB_3000,NEON.D11.CLBJ.DP1.00033_2024_11_18_120006.jpg,0.37241,0.36905,downloaded
2024-11-19,DB_3000,NEON.D11.CLBJ.DP1.00033_2024_11_19_120006.jpg,0.36119,0.35971,downloaded
2024-11-20,DB_3000,NEON.D11.CLBJ.DP1.00033_2024_11_20_120006.jpg,0.35881,0.35725,downloaded
2024-11-21,DB_3000,NEON.D11.CLBJ.DP1.00033_2024_11_21_120006.jpg,0.35754,0.35606,downloaded
2024-11-22,DB_3000,NEON.D11.CLBJ.DP1.00033_2024_11_22_120006.jpg,0.35519,0.35393,downloaded
2024-11-23,DB_3000,NEON.D11.CLBJ.DP1.00033_2024_11_23_120006.jpg,0.35352,0.35224,downloaded
2024-11-24,DB_3000,NEON.D11.CLBJ.DP1.00033_2024_11_24_120006.jpg,0.35073,0.34981,downloaded
2024-11-25,DB_3000,NEON.D11.CLBJ.DP1.00033_2024_11_25_120006.jpg,0.34869,0.34841,downloaded
2024-11-26,DB_3000,NEON.D11.CLBJ.DP1.00033_2024_11_26_120006.jpg,0.34509,0.34432,downloaded
2024-11-27,DB_3000,NEON.D11.CLBJ.DP1.00033_2024_11_27_120006.jpg,0.34494,0.34544,downloaded
2024-11-28,DB_3000,NEON.D11.CLBJ.DP1.00033_2024_11_28_120006.jpg,0.34215,0.34266,downloaded
2024-11-29,DB_3000,NEON.D11.CLBJ.DP1.00033_2024_11_29_120006.jpg,0.34112,0.34052,downloaded
2024-11-30,DB_3000,NEON.D11.CLBJ.DP1.00033_2024_11_30_120006.jpg,0.34089,0.33996,downloaded
2024-12-01,DB_3000,NEON.D11.CLBJ.DP1.00033_2024_12_01_120006.jpg,0.33966,0.33889,downloaded
2024-12-02,DB_3000,NEON.D11.CLBJ.DP1.00033_2024_12_02_120006.jpg,0.33858,0.33769,downloaded
2024-12-03,DB_3000,NEON.D11.CLBJ.DP1.00033_2024_12_03_120006.jpg,0.33670,0.33604,downloaded
2024-12-04,DB_3000,NEON.D11.CLBJ.DP1.00033_2024_12_04_120006.jpg,0.33586,0.33572,downloaded
2024-12-05,DB_3000,NEON.D11.CLBJ.DP1.00033_2024_12_05_120006.jpg,0.33481,0.33463,downloaded
2024-12-06,DB_3000,NEON.D11.CLBJ.DP1.00033_2024_12_06_120006.jpg,0.33591,0.33551,downloaded
2024-12-07,DB_3000,NEON.D11.CLBJ.DP1.00033_2024_12_07_120006.jpg,0.33654,0.33549,downloaded
2024-12-08,DB_3000,NEON.D11.CLBJ.DP1.00033_2024_12_08_120006.jpg,0.33433,0.33365,downloaded
2024-12-09,DB_3000,NEON.D11.CLBJ.DP1.00033_2024_12_09_120006.jpg,0.33344,0.33480,downloaded
2024-12-10,DB_3000,NEON.D11.CLBJ.DP1.00033_2024_12_10_120006.jpg,0.33566,0.33615,downloaded
2024-12-11,DB_3000,NEON.D11.CLBJ.DP1.00033_2024_12_11_120006.jpg,0.33838,0.33781,downloaded
2024-12-12,DB_3000,NEON.D11.CLBJ.DP1.00033_2024_12_12_120006.jpg,0.34053,0.33976,downloaded
2024-12-13,DB_3000,NEON.D11.CLBJ.DP1.00033_2024_12_13_120006.jpg,0.34039,0.34026,downloaded
2024-12-14,DB_3000,NEON.D11.CLBJ.DP1.00033_2024_12_14_120006.jpg,0.34122,0.34109,downloaded
2024-12-15,DB_3000,NEON.D11.CLBJ.DP1.00033_2024_12_15_120006.jpg,0.34078,0.34093,downloaded
2024-12-16,DB_3000,NEON.D11.CLBJ.DP1.00033_2024_12_16_120006.jpg,0.34153,0.34197,downloaded
2024-12-17,DB_3000,NEON.D11.CLBJ.DP1.00033_2024_12_17_120006.jpg,0.34291,0.34234,downloaded
2024-12-18,DB_3000,NEON.D11.CLBJ.DP1.00033_2024_12_18_120006.jpg,0.34236,0.34203,downloaded
2024-12-19,DB_3000,NEON.D11.CLBJ.DP1.00033_2024_12_19_120006.jpg,0.34256,0.34234,downloaded
2024-12-20,DB_3000,NEON.D11.CLBJ.DP1.00033_2024_12_20_120006.jpg,0.34213,0.34209,downloaded
2024-12-21,DB_3000,NEON.D11.CLBJ.DP1.00033_2024_12_21_120006.jpg,0.34250,0.34217,downloaded
2024-12-22,DB_3000,NEON.D11.CLBJ.DP1.00033_2024_12_22_120006.jpg,0.34278,0.34202,downloaded
2024-12-23,DB_3000,NEON.D11.CLBJ.DP1.00033_2024_12_23_120006.jpg,0.34216,0.34214,downloaded
2024-12-24,DB_3000,NEON.D11.CLBJ.DP1.00033_2024_12_24_120006.jpg,0.34583,0.34559,downloaded
2024-12-25,DB_3000,NEON.D11.CLBJ.DP1.00033_2024_12_25_120006.jpg,0.34221,0.34324,downloaded
2024-12-26,DB_3000,NEON.D11.CLBJ.DP1.00033_2024_12_26_120006.jpg,0.35024,0.34849,downloaded
2024-12-27,DB_3000,NEON.D11.CLBJ.DP1.00033_2024_12_27_120006.jpg,0.34295,0.34343,downloaded
2024-12-28,DB_3000,NEON.D11.CLBJ.DP1.00033_2024_12_28_120006.jpg,0.34382,0.34286,downloaded
2024-12-29,DB_3000,NEON.D11.CLBJ.DP1.00033_2024_12_29_120006.jpg,0.34296,0.34337,downloaded
2024-12-30,DB_3000,NEON.D11.CLBJ.DP1.00033_2024_12_30_120006.jpg,0.34343,0.34316,downloaded
2024-12-31,DB_3000,NEON.D11.CLBJ.DP1.00033_2024_12_31_120006.jpg,0.34313,0.34298,downloaded
2025-01-01,DB_3000,NEON.D11.CLBJ.DP1.00033_2025_01_01_120006.jpg,0.34255,0.34229,downloaded
2025-01-02,DB_3000,NEON.D11.CLBJ.DP1.00033_2025_01_02_120006.jpg,0.34284,0.34274,downloaded
2025-01-03,DB_3000,NEON.D11.CLBJ.DP1.00033_2025_01_03_120006.jpg,0.34274,0.34252,downloaded
2025-01-04,DB_3000,NEON.D11.CLBJ.DP1.00033_2025_01_04_120006.jpg,0.34110,0.34141,downloaded
2025-01-05,DB_3000,NEON.D11.CLBJ.DP1.00033_2025_01_05_120006.jpg,0.34180,0.34187,downloaded
2025-01-06,DB_3000,NEON.D11.CLBJ.DP1.00033_2025_01_06_120006.jpg,0.34165,0.34157,downloaded
2025-01-07,DB_3000,NEON.D11.CLBJ.DP1.00033_2025_01_07_120006.jpg,0.34208,0.34145,downloaded
2025-01-08,DB_3000,NEON.D11.CLBJ.DP1.00033_2025_01_08_113006.jpg,0.34182,0.34120,downloaded
2025-01-09,DB_3000,NEON.D11.CLBJ.DP1.00033_2025_01_09_120005.jpg,0.34032,0.34074,downloaded
2025-01-10,DB_3000,NEON.D11.CLBJ.DP1.00033_2025_01_10_120005.jpg,0.33767,0.33873,downloaded
2025-01-11,DB_3000,NEON.D11.CLBJ.DP1.00033_2025_01_11_120005.jpg,0.34182,0.34159,downloaded
2025-01-12,DB_3000,NEON.D11.CLBJ.DP1.00033_2025_01_12_120005.jpg,0.34234,0.34181,downloaded
2025-01-13,DB_3000,NEON.D11.CLBJ.DP1.00033_2025_01_13_120005.jpg,0.34198,0.34167,downloaded
2025-01-14,DB_3000,NEON.D11.CLBJ.DP1.00033_2025_01_14_120005.jpg,0.34206,0.34199,downloaded
2025-01-15,DB_3000,NEON.D11.CLBJ.DP1.00033_2025_01_15_120005.jpg,0.34217,0.34173,downloaded
2025-01-16,DB_3000,NEON.D11.CLBJ.DP1.00033_2025_01_16_120005.jpg,0.34172,0.34173,downloaded
2025-01-17,DB_3000,NEON.D11.CLBJ.DP1.00033_2025_01_17_120005.jpg,0.34233,0.34168,downloaded
2025-01-18,DB_3000,NEON.D11.CLBJ.DP1.00033_2025_01_18_120005.jpg,0.34139,0.34124,downloaded
2025-01-19,DB_3000,NEON.D11.CLBJ.DP1.00033_2025_01_19_120005.jpg,0.34050,0.34042,downloaded
2025-01-20,DB_3000,NEON.D11.CLBJ.DP1.00033_2025_01_20_120005.jpg,0.34130,0.33974,downloaded
2025-01-21,DB_3000,NEON.D11.CLBJ.DP1.00033_2025_01_21_120005.jpg,0.34030,0.34037,downloaded
2025-01-22,DB_3000,NEON.D11.CLBJ.DP1.00033_2025_01_22_120006.jpg,0.34097,0.34091,downloaded
2025-01-23,DB_3000,NEON.D11.CLBJ.DP1.00033_2025_01_23_120005.jpg,0.34108,0.34082,downloaded
2025-01-24,DB_3000,,,,no_image
2025-01-25,DB_3000,NEON.D11.CLBJ.DP1.00033_2025_01_25_120005.jpg,0.34143,0.34133,downloaded
2025-01-26,DB_3000,NEON.D11.CLBJ.DP1.00033_2025_01_26_120006.jpg,0.33999,0.33997,downloaded
2025-01-27,DB_3000,NEON.D11.CLBJ.DP1.00033_2025_01_27_120005.jpg,0.34113,0.34096,downloaded
2025-01-28,DB_3000,NEON.D11.CLBJ.DP1.00033_2025_01_28_120005.jpg,0.34190,0.34032,downloaded
2025-01-29,DB_3000,NEON.D11.CLBJ.DP1.00033_2025_01_29_120005.jpg,0.34312,0.34219,downloaded
2025-01-30,DB_3000,NEON.D11.CLBJ.DP1.00033_2025_01_30_120005.jpg,0.34285,0.34263,downloaded
2025-01-31,DB_3000,NEON.D11.CLBJ.DP1.00033_2025_01_31_120005.jpg,0.34184,0.34165,downloaded
2025-02-01,DB_3000,NEON.D11.CLBJ.DP1.00033_2025_02_01_120006.jpg,0.34186,0.34180,downloaded
2025-02-02,DB_3000,NEON.D11.CLBJ.DP1.00033_2025_02_02_120005.jpg,0.34213,0.34218,downloaded
2025-02-03,DB_3000,NEON.D11.CLBJ.DP1.00033_2025_02_03_120005.jpg,0.34227,0.34244,downloaded
2025-02-04,DB_3000,NEON.D11.CLBJ.DP1.00033_2025_02_04_120005.jpg,0.34122,0.34106,downloaded
2025-02-05,DB_3000,NEON.D11.CLBJ.DP1.00033_2025_02_05_120005.jpg,0.34127,0.34213,downloaded
2025-02-06,DB_3000,NEON.D11.CLBJ.DP1.00033_2025_02_06_120005.jpg,0.34238,0.34238,downloaded
2025-02-07,DB_3000,NEON.D11.CLBJ.DP1.00033_2025_02_07_120005.jpg,0.34294,0.34191,downloaded
2025-02-08,DB_3000,NEON.D11.CLBJ.DP1.00033_2025_02_08_120005.jpg,0.34296,0.34228,downloaded
2025-02-09,DB_3000,NEON.D11.CLBJ.DP1.00033_2025_02_09_120005.jpg,0.34120,0.34082,downloaded
2025-02-10,DB_3000,NEON.D11.CLBJ.DP1.00033_2025_02_10_120005.jpg,0.34441,0.34423,downloaded
2025-02-11,DB_3000,,,,no_image
2025-02-12,DB_3000,NEON.D11.CLBJ.DP1.00033_2025_02_12_120005.jpg,0.34173,0.34165,downloaded
2025-02-13,DB_3000,NEON.D11.CLBJ.DP1.00033_2025_02_13_120005.jpg,0.34081,0.34044,downloaded
2025-02-14,DB_3000,NEON.D11.CLBJ.DP1.00033_2025_02_14_120006.jpg,0.34159,0.34140,downloaded
2025-02-15,DB_3000,NEON.D11.CLBJ.DP1.00033_2025_02_15_120005.jpg,0.34052,0.34235,downloaded
2025-02-16,DB_3000,NEON.D11.CLBJ.DP1.00033_2025_02_16_120006.jpg,0.34041,0.34069,downloaded
2025-02-17,DB_3000,NEON.D11.CLBJ.DP1.00033_2025_02_17_120005.jpg,0.34190,0.34161,downloaded
2025-02-18,DB_3000,NEON.D11.CLBJ.DP1.00033_2025_02_18_120006.jpg,0.34046,0.34138,downloaded
2025-02-19,DB_3000,NEON.D11.CLBJ.DP1.00033_2025_02_19_120005.jpg,0.33784,0.33842,downloaded
2025-02-20,DB_3000,NEON.D11.CLBJ.DP1.00033_2025_02_20_120006.jpg,0.34006,0.34024,downloaded
2025-02-21,DB_3000,NEON.D11.CLBJ.DP1.00033_2025_02_21_120006.jpg,0.33975,0.33959,downloaded
2025-02-22,DB_3000,NEON.D11.CLBJ.DP1.00033_2025_02_22_120005.jpg,0.33975,0.34114,downloaded
2025-02-23,DB_3000,NEON.D11.CLBJ.DP1.00033_2025_02_23_120006.jpg,0.34203,0.34184,downloaded
2025-02-24,DB_3000,NEON.D11.CLBJ.DP1.00033_2025_02_24_120005.jpg,0.34206,0.34143,downloaded
2025-02-25,DB_3000,NEON.D11.CLBJ.DP1.00033_2025_02_25_120006.jpg,0.34258,0.34232,downloaded
2025-02-26,DB_3000,NEON.D11.CLBJ.DP1.00033_2025_02_26_120005.jpg,0.34237,0.34209,downloaded
2025-02-27,DB_3000,NEON.D11.CLBJ.DP1.00033_2025_02_27_120005.jpg,0.34169,0.34160,downloaded
2025-02-28,DB_3000,NEON.D11.CLBJ.DP1.00033_2025_02_28_120005.jpg,0.34178,0.34169,downloaded
2025-03-01,DB_3000,NEON.D11.CLBJ.DP1.00033_2025_03_01_120005.jpg,0.34201,0.34187,downloaded
2025-03-02,DB_3000,NEON.D11.CLBJ.DP1.00033_2025_03_02_120005.jpg,0.34272,0.34193,downloaded
2025-03-03,DB_3000,NEON.D11.CLBJ.DP1.00033_2025_03_03_120005.jpg,0.34364,0.34315,downloaded
2025-03-04,DB_3000,NEON.D11.CLBJ.DP1.00033_2025_03_04_120005.jpg,0.34230,0.34197,downloaded
2025-03-05,DB_3000,NEON.D11.CLBJ.DP1.00033_2025_03_05_120005.jpg,0.34177,0.34196,downloaded
2025-03-06,DB_3000,NEON.D11.CLBJ.DP1.00033_2025_03_06_120005.jpg,0.34336,0.34289,downloaded
2025-03-07,DB_3000,NEON.D11.CLBJ.DP1.00033_2025_03_07_120004.jpg,0.34308,0.34290,downloaded
2025-03-08,DB_3000,NEON.D11.CLBJ.DP1.00033_2025_03_08_120005.jpg,0.34260,0.34539,downloaded
2025-03-09,DB_3000,NEON.D11.CLBJ.DP1.00033_2025_03_09_120005.jpg,0.34306,0.34354,downloaded
2025-03-10,DB_3000,NEON.D11.CLBJ.DP1.00033_2025_03_10_120005.jpg,0.34312,0.34292,downloaded
2025-03-11,DB_3000,NEON.D11.CLBJ.DP1.00033_2025_03_11_120005.jpg,0.34337,0.34311,downloaded
2025-03-12,DB_3000,NEON.D11.CLBJ.DP1.00033_2025_03_12_120005.jpg,0.34313,0.34309,downloaded
2025-03-13,DB_3000,NEON.D11.CLBJ.DP1.00033_2025_03_13_120005.jpg,0.34362,0.34337,downloaded
2025-03-14,DB_3000,NEON.D11.CLBJ.DP1.00033_2025_03_14_120005.jpg,0.34255,0.33740,downloaded
2025-03-15,DB_3000,NEON.D11.CLBJ.DP1.00033_2025_03_15_120005.jpg,0.34325,0.34278,downloaded
2025-03-16,DB_3000,NEON.D11.CLBJ.DP1.00033_2025_03_16_120005.jpg,0.34324,0.34295,downloaded
2025-03-17,DB_3000,NEON.D11.CLBJ.DP1.00033_2025_03_17_120005.jpg,0.34341,0.34323,downloaded
2025-03-18,DB_3000,NEON.D11.CLBJ.DP1.00033_2025_03_18_120005.jpg,0.34374,0.34371,downloaded
2025-03-19,DB_3000,NEON.D11.CLBJ.DP1.00033_2025_03_19_120005.jpg,0.34326,0.34303,downloaded
2025-03-20,DB_3000,NEON.D11.CLBJ.DP1.00033_2025_03_20_120005.jpg,0.34333,0.34294,downloaded
2025-03-21,DB_3000,NEON.D11.CLBJ.DP1.00033_2025_03_21_120005.jpg,0.34382,0.34322,downloaded
2025-03-22,DB_3000,NEON.D11.CLBJ.DP1.00033_2025_03_22_120005.jpg,0.34400,0.34397,downloaded
2025-03-23,DB_3000,NEON.D11.CLBJ.DP1.00033_2025_03_23_120005.jpg,0.34378,0.34410,downloaded
2025-03-24,DB_3000,NEON.D11.CLBJ.DP1.00033_2025_03_24_120005.jpg,0.34434,0.34413,downloaded
2025-03-25,DB_3000,NEON.D11.CLBJ.DP1.00033_2025_03_25_120005.jpg,0.34391,0.34538,downloaded
2025-03-26,DB_3000,NEON.D11.CLBJ.DP1.00033_2025_03_26_120005.jpg,0.34704,0.34768,downloaded
2025-03-27,DB_3000,NEON.D11.CLBJ.DP1.00033_2025_03_27_120005.jpg,0.34801,0.34839,downloaded
2025-03-28,DB_3000,NEON.D11.CLBJ.DP1.00033_2025_03_28_120005.jpg,0.35028,0.35234,downloaded
2025-03-29,DB_3000,NEON.D11.CLBJ.DP1.00033_2025_03_29_120005.jpg,0.35186,0.35198,downloaded
2025-03-30,DB_3000,NEON.D11.CLBJ.DP1.00033_2025_03_30_120005.jpg,0.35392,0.35371,downloaded
2025-03-31,DB_3000,NEON.D11.CLBJ.DP1.00033_2025_03_31_120005.jpg,0.35462,0.35389,downloaded
2025-04-01,DB_3000,NEON.D11.CLBJ.DP1.00033_2025_04_01_120005.jpg,0.35694,0.35638,downloaded
2025-04-02,DB_3000,NEON.D11.CLBJ.DP1.00033_2025_04_02_120005.jpg,0.35989,0.36046,downloaded
2025-04-03,DB_3000,NEON.D11.CLBJ.DP1.00033_2025_04_03_120005.jpg,0.36701,0.36682,downloaded
2025-04-04,DB_3000,NEON.D11.CLBJ.DP1.00033_2025_04_04_120005.jpg,0.37049,0.37396,downloaded
2025-04-05,DB_3000,NEON.D11.CLBJ.DP1.00033_2025_04_05_120005.jpg,0.36916,0.37198,downloaded
2025-04-06,DB_3000,NEON.D11.CLBJ.DP1.00033_2025_04_06_120004.jpg,0.36444,0.36506,downloaded
2025-04-07,DB_3000,NEON.D11.CLBJ.DP1.00033_2025_04_07_120005.jpg,0.36506,0.36214,downloaded
2025-04-08,DB_3000,NEON.D11.CLBJ.DP1.00033_2025_04_08_120005.jpg,0.36733,0.36443,downloaded
2025-04-09,DB_3000,NEON.D11.CLBJ.DP1.00033_2025_04_09_120005.jpg,0.37196,0.36864,downloaded
2025-04-10,DB_3000,NEON.D11.CLBJ.DP1.00033_2025_04_10_120005.jpg,0.37835,0.37419,downloaded
2025-04-11,DB_3000,NEON.D11.CLBJ.DP1.00033_2025_04_11_120005.jpg,0.38280,0.37851,downloaded
2025-04-12,DB_3000,NEON.D11.CLBJ.DP1.00033_2025_04_12_120005.jpg,0.38606,0.38286,downloaded
2025-04-13,DB_3000,NEON.D11.CLBJ.DP1.00033_2025_04_13_120005.jpg,0.39049,0.38771,downloaded
2025-04-14,DB_3000,NEON.D11.CLBJ.DP1.00033_2025_04_14_120005.jpg,0.40376,0.40008,downloaded
2025-04-15,DB_3000,NEON.D11.CLBJ.DP1.00033_2025_04_15_120005.jpg,0.40404,0.39905,downloaded
2025-04-16,DB_3000,NEON.D11.CLBJ.DP1.00033_2025_04_16_120005.jpg,0.40324,0.39866,downloaded
2025-04-17,DB_3000,NEON.D11.CLBJ.DP1.00033_2025_04_17_120005.jpg,0.40571,0.40368,downloaded
2025-04-18,DB_3000,NEON.D11.CLBJ.DP1.00033_2025_04_18_120005.jpg,0.41481,0.41552,downloaded
2025-04-19,DB_3000,NEON.D11.CLBJ.DP1.00033_2025_04_19_120005.jpg,0.42262,0.42302,downloaded
2025-04-20,DB_3000,NEON.D11.CLBJ.DP1.00033_2025_04_20_120005.jpg,0.41381,0.41260,downloaded
2025-04-21,DB_3000,NEON.D11.CLBJ.DP1.00033_2025_04_21_120005.jpg,0.41643,0.41062,downloaded
2025-04-22,DB_3000,NEON.D11.CLBJ.DP1.00033_2025_04_22_120005.jpg,0.41555,0.41178,downloaded
2025-04-23,DB_3000,NEON.D11.CLBJ.DP1.00033_2025_04_23_120005.jpg,0.41672,0.41712,downloaded
2025-04-24,DB_3000,NEON.D11.CLBJ.DP1.00033_2025_04_24_120005.jpg,0.42273,0.41933,downloaded
2025-04-25,DB_3000,NEON.D11.CLBJ.DP1.00033_2025_04_25_120005.jpg,0.42561,0.41714,downloaded
2025-04-26,DB_3000,NEON.D11.CLBJ.DP1.00033_2025_04_26_120005.jpg,0.42271,0.41758,downloaded
2025-04-27,DB_3000,NEON.D11.CLBJ.DP1.00033_2025_04_27_120005.jpg,0.42077,0.41652,downloaded
2025-04-28,DB_3000,NEON.D11.CLBJ.DP1.00033_2025_04_28_120005.jpg,0.42212,0.41635,downloaded
2025-04-29,DB_3000,NEON.D11.CLBJ.DP1.00033_2025_04_29_120005.jpg,0.41589,0.41428,downloaded
2025-04-30,DB_3000,NEON.D11.CLBJ.DP1.00033_2025_04_30_120004.jpg,0.44264,0.42206,downloaded
2025-05-01,DB_3000,NEON.D11.CLBJ.DP1.00033_2025_05_01_120005.jpg,0.41576,0.40983,downloaded
2025-05-02,DB_3000,NEON.D11.CLBJ.DP1.00033_2025_05_02_120005.jpg,0.42066,0.41775,downloaded
2025-05-03,DB_3000,NEON.D11.CLBJ.DP1.00033_2025_05_03_120005.jpg,0.41446,0.40664,downloaded
2025-05-04,DB_3000,NEON.D11.CLBJ.DP1.00033_2025_05_04_120005.jpg,0.41259,0.40673,downloaded
2025-05-05,DB_3000,NEON.D11.CLBJ.DP1.00033_2025_05_05_120005.jpg,0.43077,0.41400,downloaded
2025-05-06,DB_3000,NEON.D11.CLBJ.DP1.00033_2025_05_06_120005.jpg,0.41710,0.41848,downloaded
2025-05-07,DB_3000,NEON.D11.CLBJ.DP1.00033_2025_05_07_120005.jpg,0.41596,0.41006,downloaded
2025-05-08,DB_3000,NEON.D11.CLBJ.DP1.00033_2025_05_08_120005.jpg,0.41743,0.40812,downloaded
2025-05-09,DB_3000,NEON.D11.CLBJ.DP1.00033_2025_05_09_120005.jpg,0.41712,0.40785,downloaded
2025-05-10,DB_3000,NEON.D11.CLBJ.DP1.00033_2025_05_10_120005.jpg,0.41118,0.40586,downloaded
2025-05-11,DB_3000,NEON.D11.CLBJ.DP1.00033_2025_05_11_120005.jpg,0.41280,0.40651,downloaded
2025-05-12,DB_3000,NEON.D11.CLBJ.DP1.00033_2025_05_12_120005.jpg,0.41098,0.40386,downloaded
2025-05-13,DB_3000,NEON.D11.CLBJ.DP1.00033_2025_05_13_120005.jpg,0.40857,0.40330,downloaded
2025-05-14,DB_3000,NEON.D11.CLBJ.DP1.00033_2025_05_14_120005.jpg,0.40808,0.40137,downloaded
2025-05-15,DB_3000,NEON.D11.CLBJ.DP1.00033_2025_05_15_120005.jpg,0.41040,0.40582,downloaded
2025-05-16,DB_3000,NEON.D11.CLBJ.DP1.00033_2025_05_16_120005.jpg,0.40895,0.40552,downloaded
2025-05-17,DB_3000,NEON.D11.CLBJ.DP1.00033_2025_05_17_120005.jpg,0.41000,0.40283,downloaded
2025-05-18,DB_3000,NEON.D11.CLBJ.DP1.00033_2025_05_18_120005.jpg,0.40489,0.40435,downloaded
2025-05-19,DB_3000,NEON.D11.CLBJ.DP1.00033_2025_05_19_120005.jpg,0.40151,0.40076,downloaded
2025-05-20,DB_3000,NEON.D11.CLBJ.DP1.00033_2025_05_20_120005.jpg,0.40811,0.39910,downloaded
2025-05-21,DB_3000,NEON.D11.CLBJ.DP1.00033_2025_05_21_120005.jpg,0.40346,0.39723,downloaded
2025-05-22,DB_3000,NEON.D11.CLBJ.DP1.00033_2025_05_22_120005.jpg,0.40764,0.40218,downloaded
2025-05-23,DB_3000,NEON.D11.CLBJ.DP1.00033_2025_05_23_120005.jpg,0.40540,0.39876,downloaded
2025-05-24,DB_3000,NEON.D11.CLBJ.DP1.00033_2025_05_24_120005.jpg,0.40463,0.40004,downloaded
2025-05-25,DB_3000,NEON.D11.CLBJ.DP1.00033_2025_05_25_120005.jpg,0.40616,0.40073,downloaded
2025-05-26,DB_3000,NEON.D11.CLBJ.DP1.00033_2025_05_26_120005.jpg,0.40915,0.40609,downloaded
2025-05-27,DB_3000,NEON.D11.CLBJ.DP1.00033_2025_05_27_120004.jpg,0.41010,0.40444,downloaded
2025-05-28,DB_3000,NEON.D11.CLBJ.DP1.00033_2025_05_28_120004.jpg,0.40856,0.40542,downloaded
2025-05-29,DB_3000,NEON.D11.CLBJ.DP1.00033_2025_05_29_120004.jpg,0.40963,0.40607,downloaded
2025-05-30,DB_3000,NEON.D11.CLBJ.DP1.00033_2025_05_30_120004.jpg,0.40734,0.40219,downloaded
2025-05-31,DB_3000,NEON.D11.CLBJ.DP1.00033_2025_05_31_120004.jpg,0.40738,0.40073,downloaded
2025-06-01,DB_3000,NEON.D11.CLBJ.DP1.00033_2025_06_01_120004.jpg,0.40878,0.40301,downloaded
2025-06-02,DB_3000,NEON.D11.CLBJ.DP1.00033_2025_06_02_120004.jpg,0.40712,0.40122,downloaded
2025-06-03,DB_3000,NEON.D11.CLBJ.DP1.00033_2025_06_03_120004.jpg,0.40337,0.40332,downloaded
2025-06-04,DB_3000,NEON.D11.CLBJ.DP1.00033_2025_06_04_120004.jpg,0.40448,0.40280,downloaded
2025-06-05,DB_3000,NEON.D11.CLBJ.DP1.00033_2025_06_05_120004.jpg,0.40502,0.40507,downloaded
2025-06-06,DB_3000,NEON.D11.CLBJ.DP1.00033_2025_06_06_120004.jpg,0.40631,0.40015,downloaded
2025-06-07,DB_3000,NEON.D11.CLBJ.DP1.00033_2025_06_07_120004.jpg,0.40691,0.40328,downloaded
2025-06-08,DB_3000,NEON.D11.CLBJ.DP1.00033_2025_06_08_120004.jpg,0.40689,0.40303,downloaded
2025-06-09,DB_3000,NEON.D11.CLBJ.DP1.00033_2025_06_09_120004.jpg,0.40688,0.39985,downloaded
2025-06-10,DB_3000,NEON.D11.CLBJ.DP1.00033_2025_06_10_120004.jpg,0.40235,0.40340,downloaded
2025-06-11,DB_3000,NEON.D11.CLBJ.DP1.00033_2025_06_11_120004.jpg,0.40813,0.40481,downloaded
2025-06-12,DB_3000,NEON.D11.CLBJ.DP1.00033_2025_06_12_120004.jpg,0.41188,0.40115,downloaded
2025-06-13,DB_3000,NEON.D11.CLBJ.DP1.00033_2025_06_13_120004.jpg,0.40557,0.40189,downloaded
2025-06-14,DB_3000,NEON.D11.CLBJ.DP1.00033_2025_06_14_120004.jpg,0.40618,0.39867,downloaded
2025-06-15,DB_3000,NEON.D11.CLBJ.DP1.00033_2025_06_15_120004.jpg,0.40981,0.40602,downloaded
2025-06-16,DB_3000,NEON.D11.CLBJ.DP1.00033_2025_06_16_120004.jpg,0.40605,0.39877,downloaded
2025-06-17,DB_3000,NEON.D11.CLBJ.DP1.00033_2025_06_17_120004.jpg,0.40447,0.39656,downloaded
2025-06-18,DB_3000,NEON.D11.CLBJ.DP1.00033_2025_06_18_120004.jpg,0.40478,0.39916,downloaded
2025-06-19,DB_3000,NEON.D11.CLBJ.DP1.00033_2025_06_19_120004.jpg,0.40410,0.39758,downloaded
2025-06-20,DB_3000,NEON.D11.CLBJ.DP1.00033_2025_06_20_120004.jpg,0.40309,0.39651,downloaded
2025-06-21,DB_3000,NEON.D11.CLBJ.DP1.00033_2025_06_21_120004.jpg,0.40228,0.39586,downloaded
2025-06-22,DB_3000,NEON.D11.CLBJ.DP1.00033_2025_06_22_120004.jpg,0.40235,0.39565,downloaded
2025-06-23,DB_3000,NEON.D11.CLBJ.DP1.00033_2025_06_23_120004.jpg,0.40208,0.39610,downloaded
2025-06-24,DB_3000,NEON.D11.CLBJ.DP1.00033_2025_06_24_120004.jpg,0.40294,0.39601,downloaded
2025-06-25,DB_3000,NEON.D11.CLBJ.DP1.00033_2025_06_25_120004.jpg,0.40055,0.39610,downloaded
2025-06-26,DB_3000,NEON.D11.CLBJ.DP1.00033_2025_06_26_120004.jpg,0.40368,0.39587,downloaded
2025-06-27,DB_3000,NEON.D11.CLBJ.DP1.00033_2025_06_27_120004.jpg,0.40276,0.39938,downloaded
2025-06-28,DB_3000,NEON.D11.CLBJ.DP1.00033_2025_06_28_120004.jpg,0.40197,0.39586,downloaded
2025-06-29,DB_3000,NEON.D11.CLBJ.DP1.00033_2025_06_29_120004.jpg,0.40156,0.39465,downloaded
2025-06-30,DB_3000,NEON.D11.CLBJ.DP1.00033_2025_06_30_120004.jpg,0.40150,0.39618,downloaded
2025-07-01,DB_3000,NEON.D11.CLBJ.DP1.00033_2025_07_01_120004.jpg,0.40584,0.40265,downloaded
2025-07-02,DB_3000,NEON.D11.CLBJ.DP1.00033_2025_07_02_120004.jpg,0.40515,0.40399,downloaded
2025-07-03,DB_3000,NEON.D11.CLBJ.DP1.00033_2025_07_03_120004.jpg,0.40169,0.40506,downloaded
2025-07-04,DB_3000,NEON.D11.CLBJ.DP1.00033_2025_07_04_120004.jpg,0.40309,0.39967,downloaded
2025-07-05,DB_3000,NEON.D11.CLBJ.DP1.00033_2025_07_05_120004.jpg,0.39770,0.39993,downloaded
2025-07-06,DB_3000,NEON.D11.CLBJ.DP1.00033_2025_07_06_120004.jpg,0.40345,0.39909,downloaded
2025-07-07,DB_3000,NEON.D11.CLBJ.DP1.00033_2025_07_07_120004.jpg,0.38461,0.39462,downloaded
2025-07-08,DB_3000,NEON.D11.CLBJ.DP1.00033_2025_07_08_120004.jpg,0.40042,0.39554,downloaded
2025-07-09,DB_3000,NEON.D11.CLBJ.DP1.00033_2025_07_09_120004.jpg,0.40204,0.39516,downloaded
2025-07-10,DB_3000,NEON.D11.CLBJ.DP1.00033_2025_07_10_120004.jpg,0.40019,0.39416,downloaded
2025-07-11,DB_3000,NEON.D11.CLBJ.DP1.00033_2025_07_11_120004.jpg,0.40044,0.39308,downloaded
2025-07-12,DB_3000,NEON.D11.CLBJ.DP1.00033_2025_07_12_120004.jpg,0.40039,0.39937,downloaded
2025-07-13,DB_3000,NEON.D11.CLBJ.DP1.00033_2025_07_13_120004.jpg,0.40019,0.39656,downloaded
2025-07-14,DB_3000,NEON.D11.CLBJ.DP1.00033_2025_07_14_120004.jpg,0.40164,0.39685,downloaded
2025-07-15,DB_3000,NEON.D11.CLBJ.DP1.00033_2025_07_15_120004.jpg,0.40060,0.39692,downloaded
2025-07-16,DB_3000,NEON.D11.CLBJ.DP1.00033_2025_07_16_120004.jpg,0.40015,0.39461,downloaded
2025-07-17,DB_3000,NEON.D11.CLBJ.DP1.00033_2025_07_17_120004.jpg,0.39935,0.39261,downloaded
2025-07-18,DB_3000,NEON.D11.CLBJ.DP1.00033_2025_07_18_120004.jpg,0.39886,0.39145,downloaded
2025-07-19,DB_3000,NEON.D11.CLBJ.DP1.00033_2025_07_19_120004.jpg,0.39893,0.39164,downloaded
2025-07-20,DB_3000,NEON.D11.CLBJ.DP1.00033_2025_07_20_120004.jpg,0.39832,0.39148,downloaded
2025-07-21,DB_3000,NEON.D11.CLBJ.DP1.00033_2025_07_21_120004.jpg,0.39810,0.39163,downloaded
2025-07-22,DB_3000,NEON.D11.CLBJ.DP1.00033_2025_07_22_120004.jpg,0.39641,0.39169,downloaded
2025-07-23,DB_3000,NEON.D11.CLBJ.DP1.00033_2025_07_23_120004.jpg,0.39609,0.39141,downloaded
2025-07-24,DB_3000,NEON.D11.CLBJ.DP1.00033_2025_07_24_120005.jpg,0.39722,0.39102,downloaded
2025-07-25,DB_3000,NEON.D11.CLBJ.DP1.00033_2025_07_25_120004.jpg,0.39637,0.39056,downloaded
2025-07-26,DB_3000,NEON.D11.CLBJ.DP1.00033_2025_07_26_120005.jpg,0.39686,0.39197,downloaded
2025-07-27,DB_3000,NEON.D11.CLBJ.DP1.00033_2025_07_27_120004.jpg,0.39766,0.39316,downloaded
2025-07-28,DB_3000,NEON.D11.CLBJ.DP1.00033_2025_07_28_120004.jpg,0.39609,0.38945,downloaded
2025-07-29,DB_3000,NEON.D11.CLBJ.DP1.00033_2025_07_29_120005.jpg,0.39404,0.38976,downloaded
2025-07-30,DB_3000,NEON.D11.CLBJ.DP1.00033_2025_07_30_120005.jpg,0.39468,0.38873,downloaded
2025-07-31,DB_3000,NEON.D11.CLBJ.DP1.00033_2025_07_31_120004.jpg,0.39469,0.38883,downloaded
2025-08-01,DB_3000,NEON.D11.CLBJ.DP1.00033_2025_08_01_120004.jpg,0.39479,0.39418,downloaded
2025-08-02,DB_3000,NEON.D11.CLBJ.DP1.00033_2025_08_02_120005.jpg,0.39764,0.39076,downloaded
2025-08-03,DB_3000,NEON.D11.CLBJ.DP1.00033_2025_08_03_120004.jpg,0.38993,0.39156,downloaded
2025-08-04,DB_3000,NEON.D11.CLBJ.DP1.00033_2025_08_04_120004.jpg,0.39525,0.38950,downloaded
2025-08-05,DB_3000,NEON.D11.CLBJ.DP1.00033_2025_08_05_120004.jpg,0.39632,0.38970,downloaded
2025-08-06,DB_3000,NEON.D11.CLBJ.DP1.00033_2025_08_06_120004.jpg,0.39626,0.38914,downloaded
2025-08-07,DB_3000,NEON.D11.CLBJ.DP1.00033_2025_08_07_120005.jpg,0.39560,0.38873,downloaded
2025-08-08,DB_3000,NEON.D11.CLBJ.DP1.00033_2025_08_08_120004.jpg,0.39417,0.38864,downloaded
2025-08-09,DB_3000,NEON.D11.CLBJ.DP1.00033_2025_08_09_120004.jpg,0.39491,0.38900,downloaded
2025-08-10,DB_3000,NEON.D11.CLBJ.DP1.00033_2025_08_10_120004.jpg,0.39616,0.39012,downloaded
2025-08-11,DB_3000,NEON.D11.CLBJ.DP1.00033_2025_08_11_120004.jpg,0.38981,0.38831,downloaded
2025-08-12,DB_3000,NEON.D11.CLBJ.DP1.00033_2025_08_12_120004.jpg,0.39387,0.39582,downloaded
2025-08-13,DB_3000,NEON.D11.CLBJ.DP1.00033_2025_08_13_120004.jpg,0.39480,0.38940,downloaded
2025-08-14,DB_3000,NEON.D11.CLBJ.DP1.00033_2025_08_14_120004.jpg,0.39208,0.38789,downloaded
2025-08-15,DB_3000,NEON.D11.CLBJ.DP1.00033_2025_08_15_120005.jpg,0.39296,0.38785,downloaded
2025-08-16,DB_3000,NEON.D11.CLBJ.DP1.00033_2025_08_16_120004.jpg,0.39296,0.38727,downloaded
2025-08-17,DB_3000,NEON.D11.CLBJ.DP1.00033_2025_08_17_120004.jpg,0.39487,0.39141,downloaded
2025-08-18,DB_3000,NEON.D11.CLBJ.DP1.00033_2025_08_18_120005.jpg,0.39319,0.38857,downloaded
2025-08-19,DB_3000,NEON.D11.CLBJ.DP1.00033_2025_08_19_120004.jpg,0.38627,0.38670,downloaded
2025-08-20,DB_3000,NEON.D11.CLBJ.DP1.00033_2025_08_20_120004.jpg,0.39359,0.39296,downloaded
2025-08-21,DB_3000,NEON.D11.CLBJ.DP1.00033_2025_08_21_120005.jpg,0.39094,0.38768,downloaded
2025-08-22,DB_3000,NEON.D11.CLBJ.DP1.00033_2025_08_22_120004.jpg,0.39292,0.38751,downloaded
2025-08-23,DB_3000,NEON.D11.CLBJ.DP1.00033_2025_08_23_120005.jpg,0.38878,0.38696,downloaded
2025-08-24,DB_3000,NEON.D11.CLBJ.DP1.00033_2025_08_24_120004.jpg,0.39277,0.38791,downloaded
2025-08-25,DB_3000,NEON.D11.CLBJ.DP1.00033_2025_08_25_120005.jpg,0.39152,0.39101,downloaded
2025-08-26,DB_3000,NEON.D11.CLBJ.DP1.00033_2025_08_26_120004.jpg,0.39593,0.38988,downloaded
2025-08-27,DB_3000,NEON.D11.CLBJ.DP1.00033_2025_08_27_120005.jpg,0.39237,0.38955,downloaded
2025-08-28,DB_3000,NEON.D11.CLBJ.DP1.00033_2025_08_28_120005.jpg,0.39437,0.38819,downloaded
2025-08-29,DB_3000,NEON.D11.CLBJ.DP1.00033_2025_08_29_120004.jpg,0.38872,0.38812,downloaded
2025-08-30,DB_3000,NEON.D11.CLBJ.DP1.00033_2025_08_30_120005.jpg,0.39318,0.39483,downloaded
2025-08-31,DB_3000,NEON.D11.CLBJ.DP1.00033_2025_08_31_120004.jpg,0.39678,0.39070,downloaded
2025-09-01,DB_3000,NEON.D11.CLBJ.DP1.00033_2025_09_01_120004.jpg,0.39283,0.38903,downloaded
2025-09-02,DB_3000,NEON.D11.CLBJ.DP1.00033_2025_09_02_120004.jpg,0.39239,0.38674,downloaded
2025-09-03,DB_3000,NEON.D11.CLBJ.DP1.00033_2025_09_03_120004.jpg,0.39058,0.38424,downloaded
2025-09-04,DB_3000,NEON.D11.CLBJ.DP1.00033_2025_09_04_120005.jpg,0.39128,0.38488,downloaded
2025-09-05,DB_3000,NEON.D11.CLBJ.DP1.00033_2025_09_05_120004.jpg,0.39270,0.39099,downloaded
2025-09-06,DB_3000,NEON.D11.CLBJ.DP1.00033_2025_09_06_120005.jpg,0.38850,0.38795,downloaded
2025-09-07,DB_3000,NEON.D11.CLBJ.DP1.00033_2025_09_07_120005.jpg,0.38999,0.38715,downloaded
2025-09-08,DB_3000,NEON.D11.CLBJ.DP1.00033_2025_09_08_120004.jpg,0.38931,0.38463,downloaded
2025-09-09,DB_3000,NEON.D11.CLBJ.DP1.00033_2025_09_09_120004.jpg,0.38937,0.38415,downloaded
2025-09-10,DB_3000,NEON.D11.CLBJ.DP1.00033_2025_09_10_115800.jpg,0.38740,0.38306,downloaded
2025-09-11,DB_3000,NEON.D11.CLBJ.DP1.00033_2025_09_11_115800.jpg,0.38643,0.38215,downloaded
2025-09-12,DB_3000,NEON.D11.CLBJ.DP1.00033_2025_09_12_115800.jpg,0.38777,0.38269,downloaded
2025-09-13,DB_3000,NEON.D11.CLBJ.DP1.00033_2025_09_13_115800.jpg,0.38774,0.38262,downloaded
2025-09-14,DB_3000,NEON.D11.CLBJ.DP1.00033_2025_09_14_115800.jpg,0.38654,0.38298,downloaded
2025-09-15,DB_3000,NEON.D11.CLBJ.DP1.00033_2025_09_15_115800.jpg,0.38771,0.38276,downloaded
2025-09-16,DB_3000,NEON.D11.CLBJ.DP1.00033_2025_09_16_115800.jpg,0.38654,0.38179,downloaded
2025-09-17,DB_3000,NEON.D11.CLBJ.DP1.00033_2025_09_17_115800.jpg,0.38546,0.38128,downloaded
2025-09-18,DB_3000,NEON.D11.CLBJ.DP1.00033_2025_09_18_115800.jpg,0.38783,0.38257,downloaded
2025-09-19,DB_3000,NEON.D11.CLBJ.DP1.00033_2025_09_19_115800.jpg,0.39033,0.38489,downloaded
2025-09-20,DB_3000,NEON.D11.CLBJ.DP1.00033_2025_09_20_115800.jpg,0.38876,0.38483,downloaded
2025-09-21,DB_3000,NEON.D11.CLBJ.DP1.00033_2025_09_21_115800.jpg,0.39053,0.38852,downloaded
2025-09-22,DB_3000,NEON.D11.CLBJ.DP1.00033_2025_09_22_115800.jpg,0.38744,0.38189,downloaded
2025-09-23,DB_3000,NEON.D11.CLBJ.DP1.00033_2025_09_23_115800.jpg,0.38684,0.38363,downloaded
2025-09-24,DB_3000,NEON.D11.CLBJ.DP1.00033_2025_09_24_115800.jpg,0.39118,0.38569,downloaded
2025-09-25,DB_3000,NEON.D11.CLBJ.DP1.00033_2025_09_25_115800.jpg,0.38600,0.38000,downloaded
2025-09-26,DB_3000,NEON.D11.CLBJ.DP1.00033_2025_09_26_115800.jpg,0.38483,0.37981,downloaded
2025-09-27,DB_3000,NEON.D11.CLBJ.DP1.00033_2025_09_27_115800.jpg,0.38489,0.37954,downloaded
2025-09-28,DB_3000,NEON.D11.CLBJ.DP1.00033_2025_09_28_115800.jpg,0.38686,0.38182,downloaded
2025-09-29,DB_3000,NEON.D11.CLBJ.DP1.00033_2025_09_29_115800.jpg,0.38562,0.38133,downloaded
2025-09-30,DB_3000,NEON.D11.CLBJ.DP1.00033_2025_09_30_115800.jpg,0.38527,0.38218,downloaded
2025-10-01,DB_3000,NEON.D11.CLBJ.DP1.00033_2025_10_01_115800.jpg,0.38416,0.37895,downloaded
2025-10-02,DB_3000,NEON.D11.CLBJ.DP1.00033_2025_10_02_115800.jpg,0.38427,0.37897,downloaded
2025-10-03,DB_3000,NEON.D11.CLBJ.DP1.00033_2025_10_03_115800.jpg,0.38363,0.37850,downloaded
2025-10-04,DB_3000,NEON.D11.CLBJ.DP1.00033_2025_10_04_115800.jpg,0.38177,0.37722,downloaded
2025-10-05,DB_3000,NEON.D11.CLBJ.DP1.00033_2025_10_05_115800.jpg,0.38243,0.37713,downloaded
2025-10-06,DB_3000,NEON.D11.CLBJ.DP1.00033_2025_10_06_115800.jpg,0.38171,0.37789,downloaded
2025-10-07,DB_3000,NEON.D11.CLBJ.DP1.00033_2025_10_07_115800.jpg,0.38255,0.37791,downloaded
2025-10-08,DB_3000,NEON.D11.CLBJ.DP1.00033_2025_10_08_115800.jpg,0.38198,0.37868,downloaded
2025-10-09,DB_3000,NEON.D11.CLBJ.DP1.00033_2025_10_09_115800.jpg,0.38183,0.37852,downloaded
2025-10-10,DB_3000,NEON.D11.CLBJ.DP1.00033_2025_10_10_115800.jpg,0.38019,0.37560,downloaded
2025-10-11,DB_3000,NEON.D11.CLBJ.DP1.00033_2025_10_11_115800.jpg,0.37960,0.37531,downloaded
2025-10-12,DB_3000,NEON.D11.CLBJ.DP1.00033_2025_10_12_115800.jpg,0.37924,0.37659,downloaded
2025-10-13,DB_3000,NEON.D11.CLBJ.DP1.00033_2025_10_13_115800.jpg,0.37981,0.37838,downloaded
2025-10-14,DB_3000,NEON.D11.CLBJ.DP1.00033_2025_10_14_115800.jpg,0.37956,0.37493,downloaded
2025-10-15,DB_3000,NEON.D11.CLBJ.DP1.00033_2025_10_15_115800.jpg,0.37843,0.37417,downloaded
2025-10-16,DB_3000,NEON.D11.CLBJ.DP1.00033_2025_10_16_115800.jpg,0.37835,0.37654,downloaded
2025-10-17,DB_3000,NEON.D11.CLBJ.DP1.00033_2025_10_17_115800.jpg,0.37799,0.37410,downloaded
2025-10-18,DB_3000,NEON.D11.CLBJ.DP1.00033_2025_10_18_115800.jpg,0.37516,0.37939,downloaded
2025-10-19,DB_3000,NEON.D11.CLBJ.DP1.00033_2025_10_19_115800.jpg,0.37754,0.37277,downloaded
2025-10-20,DB_3000,NEON.D11.CLBJ.DP1.00033_2025_10_20_115800.jpg,0.37563,0.37238,downloaded
2025-10-21,DB_3000,NEON.D11.CLBJ.DP1.00033_2025_10_21_115800.jpg,0.37667,0.37250,downloaded
2025-10-22,DB_3000,NEON.D11.CLBJ.DP1.00033_2025_10_22_115800.jpg,0.37508,0.37120,downloaded
2025-10-23,DB_3000,NEON.D11.CLBJ.DP1.00033_2025_10_23_115800.jpg,0.37902,0.37568,downloaded
2025-10-24,DB_3000,NEON.D11.CLBJ.DP1.00033_2025_10_24_115800.jpg,0.37662,0.37925,downloaded
2025-10-25,DB_3000,NEON.D11.CLBJ.DP1.00033_2025_10_25_115800.jpg,0.38095,0.38034,downloaded
2025-10-26,DB_3000,NEON.D11.CLBJ.DP1.00033_2025_10_26_115800.jpg,0.37753,0.37354,downloaded
2025-10-27,DB_3000,NEON.D11.CLBJ.DP1.00033_2025_10_27_115800.jpg,0.37599,0.37500,downloaded
2025-10-28,DB_3000,NEON.D11.CLBJ.DP1.00033_2025_10_28_115800.jpg,0.37977,0.37412,downloaded
2025-10-29,DB_3000,NEON.D11.CLBJ.DP1.00033_2025_10_29_132800.jpg,0.37486,0.36942,downloaded
2025-10-30,DB_3000,NEON.D11.CLBJ.DP1.00033_2025_10_30_115800.jpg,0.37365,0.36962,downloaded
2025-10-31,DB_3000,NEON.D11.CLBJ.DP1.00033_2025_10_31_115800.jpg,0.37311,0.36926,downloaded
2025-11-01,DB_3000,NEON.D11.CLBJ.DP1.00033_2025_11_01_115800.jpg,0.37186,0.37267,downloaded
2025-11-02,DB_3000,NEON.D11.CLBJ.DP1.00033_2025_11_02_115800.jpg,0.37023,0.36697,downloaded
2025-11-03,DB_3000,NEON.D11.CLBJ.DP1.00033_2025_11_03_115800.jpg,0.36901,0.36594,downloaded
2025-11-04,DB_3000,NEON.D11.CLBJ.DP1.00033_2025_11_04_115800.jpg,0.36752,0.36458,downloaded
2025-11-05,DB_3000,NEON.D11.CLBJ.DP1.00033_2025_11_05_115800.jpg,0.36495,0.36259,downloaded
2025-11-06,DB_3000,NEON.D11.CLBJ.DP1.00033_2025_11_06_115800.jpg,0.36211,0.36012,downloaded
2025-11-07,DB_3000,NEON.D11.CLBJ.DP1.00033_2025_11_07_115800.jpg,0.35897,0.35707,downloaded
2025-11-08,DB_3000,NEON.D11.CLBJ.DP1.00033_2025_11_08_115800.jpg,0.35594,0.35438,downloaded
2025-11-09,DB_3000,NEON.D11.CLBJ.DP1.00033_2025_11_09_115800.jpg,0.35408,0.35283,downloaded
2025-11-10,DB_3000,NEON.D11.CLBJ.DP1.00033_2025_11_10_115800.jpg,0.35174,0.35103,downloaded
2025-11-11,DB_3000,NEON.D11.CLBJ.DP1.00033_2025_11_11_115800.jpg,0.35217,0.35056,downloaded
2025-11-12,DB_3000,NEON.D11.CLBJ.DP1.00033_2025_11_12_115800.jpg,0.34986,0.34861,downloaded
2025-11-13,DB_3000,NEON.D11.CLBJ.DP1.00033_2025_11_13_115800.jpg,0.34656,0.34602,downloaded
2025-11-14,DB_3000,NEON.D11.CLBJ.DP1.00033_2025_11_14_115800.jpg,0.34258,0.34177,downloaded
2025-11-15,DB_3000,NEON.D11.CLBJ.DP1.00033_2025_11_15_115800.jpg,0.33536,0.33464,downloaded
2025-11-16,DB_3000,NEON.D11.CLBJ.DP1.00033_2025_11_16_115800.jpg,0.32918,0.32889,downloaded
2025-11-17,DB_3000,NEON.D11.CLBJ.DP1.00033_2025_11_17_115800.jpg,0.32876,0.32845,downloaded
2025-11-18,DB_3000,NEON.D11.CLBJ.DP1.00033_2025_11_18_115800.jpg,0.33488,0.33450,downloaded
2025-11-19,DB_3000,NEON.D11.CLBJ.DP1.00033_2025_11_19_115800.jpg,0.33780,0.33595,downloaded
2025-11-20,DB_3000,NEON.D11.CLBJ.DP1.00033_2025_11_20_115800.jpg,0.34143,0.34229,downloaded
2025-11-21,DB_3000,NEON.D11.CLBJ.DP1.00033_2025_11_21_115800.jpg,0.34389,0.34437,downloaded
2025-11-22,DB_3000,NEON.D11.CLBJ.DP1.00033_2025_11_22_115800.jpg,0.34477,0.34426,downloaded
2025-11-23,DB_3000,NEON.D11.CLBJ.DP1.00033_2025_11_23_115800.jpg,0.34518,0.34478,downloaded
2025-11-24,DB_3000,NEON.D11.CLBJ.DP1.00033_2025_11_24_115800.jpg,0.34857,0.34796,downloaded
2025-11-25,DB_3000,NEON.D11.CLBJ.DP1.00033_2025_11_25_115800.jpg,0.34610,0.34587,downloaded
2025-11-26,DB_3000,NEON.D11.CLBJ.DP1.00033_2025_11_26_115800.jpg,0.34559,0.34485,downloaded
2025-11-27,DB_3000,NEON.D11.CLBJ.DP1.00033_2025_11_27_115800.jpg,0.34593,0.34523,downloaded
2025-11-28,DB_3000,NEON.D11.CLBJ.DP1.00033_2025_11_28_115800.jpg,0.34569,0.34513,downloaded
2025-11-29,DB_3000,NEON.D11.CLBJ.DP1.00033_2025_11_29_115800.jpg,0.34171,0.34536,downloaded
2025-11-30,DB_3000,NEON.D11.CLBJ.DP1.00033_2025_11_30_115800.jpg,0.34377,0.34358,downloaded
2025-12-01,DB_3000,NEON.D11.CLBJ.DP1.00033_2025_12_01_115800.jpg,0.34257,0.34278,downloaded
2025-12-02,DB_3000,NEON.D11.CLBJ.DP1.00033_2025_12_02_115800.jpg,0.34431,0.34374,downloaded
2025-12-03,DB_3000,NEON.D11.CLBJ.DP1.00033_2025_12_03_115800.jpg,0.34502,0.34474,downloaded
2025-12-04,DB_3000,NEON.D11.CLBJ.DP1.00033_2025_12_04_115800.jpg,0.34138,0.34198,downloaded
2025-12-05,DB_3000,NEON.D11.CLBJ.DP1.00033_2025_12_05_115800.jpg,0.34299,0.34355,downloaded
2025-12-06,DB_3000,NEON.D11.CLBJ.DP1.00033_2025_12_06_115800.jpg,0.34255,0.34178,downloaded
2025-12-07,DB_3000,NEON.D11.CLBJ.DP1.00033_2025_12_07_115800.jpg,0.34293,0.34326,downloaded
2025-12-08,DB_3000,NEON.D11.CLBJ.DP1.00033_2025_12_08_115800.jpg,0.34378,0.34343,downloaded
2025-12-09,DB_3000,NEON.D11.CLBJ.DP1.00033_2025_12_09_115800.jpg,0.34458,0.34402,downloaded
2025-12-10,DB_3000,NEON.D11.CLBJ.DP1.00033_2025_12_10_115800.jpg,0.34423,0.34386,downloaded
2025-12-11,DB_3000,NEON.D11.CLBJ.DP1.00033_2025_12_11_115800.jpg,0.34481,0.34410,downloaded
2025-12-12,DB_3000,NEON.D11.CLBJ.DP1.00033_2025_12_12_115800.jpg,0.34420,0.34386,downloaded
2025-12-13,DB_3000,NEON.D11.CLBJ.DP1.00033_2025_12_13_115800.jpg,0.34193,0.34256,downloaded
2025-12-14,DB_3000,NEON.D11.CLBJ.DP1.00033_2025_12_14_115800.jpg,0.34266,0.34237,downloaded
2025-12-15,DB_3000,NEON.D11.CLBJ.DP1.00033_2025_12_15_115800.jpg,0.34224,0.34245,downloaded
2025-12-16,DB_3000,NEON.D11.CLBJ.DP1.00033_2025_12_16_115800.jpg,0.34235,0.34357,downloaded
2025-12-17,DB_3000,NEON.D11.CLBJ.DP1.00033_2025_12_17_115800.jpg,0.34221,0.34285,downloaded
2025-12-18,DB_3000,NEON.D11.CLBJ.DP1.00033_2025_12_18_115800.jpg,0.34380,0.34344,downloaded
2025-12-19,DB_3000,NEON.D11.CLBJ.DP1.00033_2025_12_19_115800.jpg,0.34407,0.34387,downloaded
2025-12-20,DB_3000,NEON.D11.CLBJ.DP1.00033_2025_12_20_115800.jpg,0.34439,0.34397,downloaded
2025-12-21,DB_3000,NEON.D11.CLBJ.DP1.00033_2025_12_21_115800.jpg,0.34297,0.34294,downloaded
2025-12-22,DB_3000,NEON.D11.CLBJ.DP1.00033_2025_12_22_115800.jpg,0.34201,0.34365,downloaded
2025-12-23,DB_3000,NEON.D11.CLBJ.DP1.00033_2025_12_23_115800.jpg,0.34468,0.34464,downloaded
2025-12-24,DB_3000,NEON.D11.CLBJ.DP1.00033_2025_12_24_115800.jpg,0.34520,0.34510,downloaded
2025-12-25,DB_3000,NEON.D11.CLBJ.DP1.00033_2025_12_25_115800.jpg,0.34477,0.34448,downloaded
2025-12-26,DB_3000,NEON.D11.CLBJ.DP1.00033_2025_12_26_115800.jpg,0.34517,0.34483,downloaded
2025-12-27,DB_3000,NEON.D11.CLBJ.DP1.00033_2025_12_27_115800.jpg,0.34547,0.34494,downloaded
2025-12-28,DB_3000,NEON.D11.CLBJ.DP1.00033_2025_12_28_115800.jpg,0.34578,0.34484,downloaded
2025-12-29,DB_3000,NEON.D11.CLBJ.DP1.00033_2025_12_29_115800.jpg,0.34338,0.34331,downloaded
2025-12-30,DB_3000,NEON.D11.CLBJ.DP1.00033_2025_12_30_115800.jpg,0.34371,0.34333,downloaded
2025-12-31,DB_3000,NEON.D11.CLBJ.DP1.00033_2025_12_31_115800.jpg,0.34426,0.34388,downloaded
2026-01-01,DB_3000,NEON.D11.CLBJ.DP1.00033_2026_01_01_115800.jpg,0.34424,0.34374,downloaded
2026-01-02,DB_3000,NEON.D11.CLBJ.DP1.00033_2026_01_02_115800.jpg,0.34415,0.34391,downloaded
2026-01-03,DB_3000,NEON.D11.CLBJ.DP1.00033_2026_01_03_115800.jpg,0.34375,0.34338,downloaded
2026-01-04,DB_3000,NEON.D11.CLBJ.DP1.00033_2026_01_04_115800.jpg,0.34449,0.34320,downloaded
2026-01-05,DB_3000,NEON.D11.CLBJ.DP1.00033_2026_01_05_115800.jpg,0.34400,0.34383,downloaded
2026-01-06,DB_3000,NEON.D11.CLBJ.DP1.00033_2026_01_06_115800.jpg,0.34360,0.34340,downloaded
2026-01-07,DB_3000,NEON.D11.CLBJ.DP1.00033_2026_01_07_115800.jpg,0.34388,0.34386,downloaded
2026-01-08,DB_3000,NEON.D11.CLBJ.DP1.00033_2026_01_08_115800.jpg,0.34425,0.34431,downloaded
2026-01-09,DB_3000,NEON.D11.CLBJ.DP1.00033_2026_01_09_115800.jpg,0.34388,0.34331,downloaded
2026-01-10,DB_3000,NEON.D11.CLBJ.DP1.00033_2026_01_10_115800.jpg,0.34268,0.34257,downloaded
2026-01-11,DB_3000,NEON.D11.CLBJ.DP1.00033_2026_01_11_115800.jpg,0.34321,0.34315,downloaded
2026-01-12,DB_3000,NEON.D11.CLBJ.DP1.00033_2026_01_12_115800.jpg,0.34339,0.34308,downloaded
2026-01-13,DB_3000,NEON.D11.CLBJ.DP1.00033_2026_01_13_115800.jpg,0.34246,0.34327,downloaded
2026-01-14,DB_3000,NEON.D11.CLBJ.DP1.00033_2026_01_14_115800.jpg,0.34266,0.34205,downloaded
2026-01-15,DB_3000,NEON.D11.CLBJ.DP1.00033_2026_01_15_115800.jpg,0.34316,0.34309,downloaded
2026-01-16,DB_3000,NEON.D11.CLBJ.DP1.00033_2026_01_16_115800.jpg,0.34264,0.34253,downloaded
2026-01-17,DB_3000,NEON.D11.CLBJ.DP1.00033_2026_01_17_115800.jpg,0.34113,0.34059,downloaded
2026-01-18,DB_3000,NEON.D11.CLBJ.DP1.00033_2026_01_18_115800.jpg,0.34241,0.34232,downloaded
2026-01-19,DB_3000,NEON.D11.CLBJ.DP1.00033_2026_01_19_115800.jpg,0.34210,0.34211,downloaded
2026-01-20,DB_3000,NEON.D11.CLBJ.DP1.00033_2026_01_20_115801.jpg,0.34211,0.34211,downloaded
2026-01-21,DB_3000,NEON.D11.CLBJ.DP1.00033_2026_01_21_115800.jpg,0.34256,0.34242,downloaded
2026-01-22,DB_3000,NEON.D11.CLBJ.DP1.00033_2026_01_22_115800.jpg,0.34210,0.34203,downloaded
2026-01-23,DB_3000,NEON.D11.CLBJ.DP1.00033_2026_01_23_115800.jpg,0.34249,0.34116,downloaded
2026-01-24,DB_3000,NEON.D11.CLBJ.DP1.00033_2026_01_24_115800.jpg,0.33931,0.33965,downloaded
2026-01-25,DB_3000,,,,no_image
2026-01-26,DB_3000,,,,no_image
2026-01-27,DB_3000,NEON.D11.CLBJ.DP1.00033_2026_01_27_115800.jpg,0.33950,0.33978,downloaded
2026-01-28,DB_3000,NEON.D11.CLBJ.DP1.00033_2026_01_28_115800.jpg,0.34073,0.34055,downloaded
2026-01-29,DB_3000,NEON.D11.CLBJ.DP1.00033_2026_01_29_115800.jpg,0.34121,0.34076,downloaded
2026-01-30,DB_3000,NEON.D11.CLBJ.DP1.00033_2026_01_30_115800.jpg,0.34121,0.34078,downloaded
2026-01-31,DB_3000,NEON.D11.CLBJ.DP1.00033_2026_01_31_115800.jpg,0.34020,0.34018,downloaded
2026-02-01,DB_3000,NEON.D11.CLBJ.DP1.00033_2026_02_01_115800.jpg,0.34131,0.34107,downloaded
2026-02-02,DB_3000,NEON.D11.CLBJ.DP1.00033_2026_02_02_115800.jpg,0.34213,0.34178,downloaded
2026-02-03,DB_3000,NEON.D11.CLBJ.DP1.00033_2026_02_03_115800.jpg,0.34135,0.34162,downloaded
2026-02-04,DB_3000,NEON.D11.CLBJ.DP1.00033_2026_02_04_115800.jpg,0.34010,0.34064,downloaded
2026-02-05,DB_3000,NEON.D11.CLBJ.DP1.00033_2026_02_05_115800.jpg,0.34137,0.34155,downloaded
2026-02-06,DB_3000,NEON.D11.CLBJ.DP1.00033_2026_02_06_115800.jpg,0.34166,0.34183,downloaded
2026-02-07,DB_3000,NEON.D11.CLBJ.DP1.00033_2026_02_07_115800.jpg,0.34193,0.34196,downloaded
2026-02-08,DB_3000,NEON.D11.CLBJ.DP1.00033_2026_02_08_115800.jpg,0.34119,0.34154,downloaded
2026-02-09,DB_3000,NEON.D11.CLBJ.DP1.00033_2026_02_09_115800.jpg,0.34147,0.34166,downloaded
2026-02-10,DB_3000,NEON.D11.CLBJ.DP1.00033_2026_02_10_115800.jpg,0.34149,0.34132,downloaded
2026-02-11,DB_3000,NEON.D11.CLBJ.DP1.00033_2026_02_11_115800.jpg,0.34156,0.34174,downloaded
2026-02-12,DB_3000,NEON.D11.CLBJ.DP1.00033_2026_02_12_115800.jpg,0.34232,0.34215,downloaded
2026-02-13,DB_3000,NEON.D11.CLBJ.DP1.00033_2026_02_13_115800.jpg,0.34232,0.34240,downloaded
2026-02-14,DB_3000,NEON.D11.CLBJ.DP1.00033_2026_02_14_115800.jpg,0.34895,0.34754,downloaded
2026-02-15,DB_3000,NEON.D11.CLBJ.DP1.00033_2026_02_15_115800.jpg,0.34238,0.34237,downloaded
2026-02-16,DB_3000,NEON.D11.CLBJ.DP1.00033_2026_02_16_115800.jpg,0.34267,0.34266,downloaded
2026-02-17,DB_3000,NEON.D11.CLBJ.DP1.00033_2026_02_17_115800.jpg,0.34314,0.34303,downloaded
2026-02-18,DB_3000,NEON.D11.CLBJ.DP1.00033_2026_02_18_115800.jpg,0.34259,0.34236,downloaded
2026-02-19,DB_3000,NEON.D11.CLBJ.DP1.00033_2026_02_19_115800.jpg,0.34225,0.34248,downloaded
2026-02-20,DB_3000,NEON.D11.CLBJ.DP1.00033_2026_02_20_115800.jpg,0.34214,0.34161,downloaded
2026-02-21,DB_3000,NEON.D11.CLBJ.DP1.00033_2026_02_21_115800.jpg,0.34158,0.34151,downloaded
2026-02-22,DB_3000,NEON.D11.CLBJ.DP1.00033_2026_02_22_115800.jpg,0.34138,0.34151,downloaded
2026-02-23,DB_3000,NEON.D11.CLBJ.DP1.00033_2026_02_23_115800.jpg,0.34167,0.34150,downloaded
2026-02-24,DB_3000,NEON.D11.CLBJ.DP1.00033_2026_02_24_115800.jpg,0.34238,0.34236,downloaded
2026-02-25,DB_3000,NEON.D11.CLBJ.DP1.00033_2026_02_25_115800.jpg,0.34268,0.34285,downloaded
2026-02-26,DB_3000,NEON.D11.CLBJ.DP1.00033_2026_02_26_115800.jpg,0.34242,0.34260,downloaded
2026-02-27,DB_3000,NEON.D11.CLBJ.DP1.00033_2026_02_27_115800.jpg,0.34299,0.34263,downloaded
2026-02-28,DB_3000,NEON.D11.CLBJ.DP1.00033_2026_02_28_115800.jpg,0.34338,0.34305,downloaded
2026-03-01,DB_3000,NEON.D11.CLBJ.DP1.00033_2026_03_01_115800.jpg,0.34205,0.34233,downloaded
2026-03-02,DB_3000,NEON.D11.CLBJ.DP1.00033_2026_03_02_115800.jpg,0.34185,0.34249,downloaded
2026-03-03,DB_3000,NEON.D11.CLBJ.DP1.00033_2026_03_03_115800.jpg,0.34420,0.34361,downloaded
2026-03-04,DB_3000,NEON.D11.CLBJ.DP1.00033_2026_03_04_115800.jpg,0.34375,0.34397,downloaded
2026-03-05,DB_3000,NEON.D11.CLBJ.DP1.00033_2026_03_05_115800.jpg,0.34522,0.34581,downloaded
2026-03-06,DB_3000,NEON.D11.CLBJ.DP1.00033_2026_03_06_115800.jpg,0.34464,0.34587,downloaded
2026-03-07,DB_3000,NEON.D11.CLBJ.DP1.00033_2026_03_07_115800.jpg,0.34857,0.34767,downloaded
2026-03-08,DB_3000,NEON.D11.CLBJ.DP1.00033_2026_03_08_115800.jpg,0.34589,0.34585,downloaded
2026-03-09,DB_3000,NEON.D11.CLBJ.DP1.00033_2026_03_09_115800.jpg,0.34568,0.34588,downloaded
2026-03-10,DB_3000,NEON.D11.CLBJ.DP1.00033_2026_03_10_115800.jpg,0.34756,0.34640,downloaded
2026-03-11,DB_3000,NEON.D11.CLBJ.DP1.00033_2026_03_11_115800.jpg,0.34699,0.34639,downloaded
2026-03-12,DB_3000,NEON.D11.CLBJ.DP1.00033_2026_03_12_115800.jpg,0.34575,0.34521,downloaded
2026-03-13,DB_3000,NEON.D11.CLBJ.DP1.00033_2026_03_13_115800.jpg,0.34618,0.34573,downloaded
2026-03-14,DB_3000,NEON.D11.CLBJ.DP1.00033_2026_03_14_115800.jpg,0.34622,0.34600,downloaded
2026-03-15,DB_3000,NEON.D11.CLBJ.DP1.00033_2026_03_15_115800.jpg,0.34608,0.34536,downloaded
2026-03-16,DB_3000,NEON.D11.CLBJ.DP1.00033_2026_03_16_115800.jpg,0.34458,0.34398,downloaded
2026-03-17,DB_3000,NEON.D11.CLBJ.DP1.00033_2026_03_17_115800.jpg,0.34573,0.34526,downloaded
2026-03-18,DB_3000,NEON.D11.CLBJ.DP1.00033_2026_03_18_115800.jpg,0.34582,0.34591,downloaded
2026-03-19,DB_3000,NEON.D11.CLBJ.DP1.00033_2026_03_19_115800.jpg,0.34680,0.34628,downloaded
2026-03-20,DB_3000,NEON.D11.CLBJ.DP1.00033_2026_03_20_115800.jpg,0.34722,0.34670,downloaded
2026-03-21,DB_3000,NEON.D11.CLBJ.DP1.00033_2026_03_21_115800.jpg,0.34788,0.34721,downloaded
2026-03-22,DB_3000,NEON.D11.CLBJ.DP1.00033_2026_03_22_115800.jpg,0.34853,0.34815,downloaded
2026-03-23,DB_3000,NEON.D11.CLBJ.DP1.00033_2026_03_23_115800.jpg,0.34957,0.34887,downloaded
2026-03-24,DB_3000,NEON.D11.CLBJ.DP1.00033_2026_03_24_115800.jpg,0.35028,0.34967,downloaded
2026-03-25,DB_3000,NEON.D11.CLBJ.DP1.00033_2026_03_25_115800.jpg,0.35188,0.35146,downloaded
2026-03-26,DB_3000,NEON.D11.CLBJ.DP1.00033_2026_03_26_115800.jpg,0.35483,0.35387,downloaded
2026-03-27,DB_3000,NEON.D11.CLBJ.DP1.00033_2026_03_27_115800.jpg,0.35891,0.35894,downloaded
2026-03-28,DB_3000,,,,no_image
2026-03-29,DB_3000,NEON.D11.CLBJ.DP1.00033_2026_03_29_115800.jpg,0.35788,0.35675,downloaded
2026-03-30,DB_3000,NEON.D11.CLBJ.DP1.00033_2026_03_30_115800.jpg,0.36423,0.36190,downloaded
2026-03-31,DB_3000,NEON.D11.CLBJ.DP1.00033_2026_03_31_115800.jpg,0.36986,0.36888,downloaded
2026-04-01,DB_3000,NEON.D11.CLBJ.DP1.00033_2026_04_01_115800.jpg,0.37881,0.37914,downloaded
2026-04-02,DB_3000,NEON.D11.CLBJ.DP1.00033_2026_04_02_115800.jpg,0.38648,0.38422,downloaded
2026-04-03,DB_3000,NEON.D11.CLBJ.DP1.00033_2026_04_03_115800.jpg,0.39539,0.39712,downloaded
2026-04-04,DB_3000,NEON.D11.CLBJ.DP1.00033_2026_04_04_115800.jpg,0.40130,0.40047,downloaded
2026-04-05,DB_3000,NEON.D11.CLBJ.DP1.00033_2026_04_05_115800.jpg,0.40230,0.39689,downloaded
2026-04-06,DB_3000,NEON.D11.CLBJ.DP1.00033_2026_04_06_115800.jpg,0.40148,0.39656,downloaded
2026-04-07,DB_3000,NEON.D11.CLBJ.DP1.00033_2026_04_07_115800.jpg,0.40095,0.40129,downloaded
2026-04-08,DB_3000,NEON.D11.CLBJ.DP1.00033_2026_04_08_115800.jpg,0.40302,0.40096,downloaded
2026-04-09,DB_3000,NEON.D11.CLBJ.DP1.00033_2026_04_09_115800.jpg,0.40907,0.40632,downloaded
2026-04-10,DB_3000,NEON.D11.CLBJ.DP1.00033_2026_04_10_115800.jpg,0.41105,0.40804,downloaded
2026-04-11,DB_3000,NEON.D11.CLBJ.DP1.00033_2026_04_11_115800.jpg,0.42032,0.41760,downloaded
2026-04-12,DB_3000,NEON.D11.CLBJ.DP1.00033_2026_04_12_115800.jpg,0.41539,0.41647,downloaded
2026-04-13,DB_3000,NEON.D11.CLBJ.DP1.00033_2026_04_13_115800.jpg,0.42420,0.41498,downloaded
2026-04-14,DB_3000,NEON.D11.CLBJ.DP1.00033_2026_04_14_115800.jpg,0.41668,0.41747,downloaded
2026-04-15,DB_3000,NEON.D11.CLBJ.DP1.00033_2026_04_15_115800.jpg,0.42307,0.42074,downloaded
2026-04-16,DB_3000,NEON.D11.CLBJ.DP1.00033_2026_04_16_115800.jpg,0.41381,0.41116,downloaded
2026-04-17,DB_3000,NEON.D11.CLBJ.DP1.00033_2026_04_17_115800.jpg,0.41222,0.41658,downloaded
2026-04-18,DB_3000,NEON.D11.CLBJ.DP1.00033_2026_04_18_115800.jpg,0.41718,0.41435,downloaded
2026-04-19,DB_3000,NEON.D11.CLBJ.DP1.00033_2026_04_19_115800.jpg,0.41527,0.40859,downloaded
2026-04-20,DB_3000,NEON.D11.CLBJ.DP1.00033_2026_04_20_115800.jpg,0.41694,0.41198,downloaded
2026-04-21,DB_3000,NEON.D11.CLBJ.DP1.00033_2026_04_21_115800.jpg,0.42547,0.41694,downloaded
2026-04-22,DB_3000,NEON.D11.CLBJ.DP1.00033_2026_04_22_115800.jpg,0.41590,0.40828,downloaded
2026-04-23,DB_3000,NEON.D11.CLBJ.DP1.00033_2026_04_23_115800.jpg,0.41888,0.41512,downloaded
2026-04-24,DB_3000,NEON.D11.CLBJ.DP1.00033_2026_04_24_115800.jpg,0.41673,0.40859,downloaded
2026-04-25,DB_3000,NEON.D11.CLBJ.DP1.00033_2026_04_25_115800.jpg,0.41223,0.41232,downloaded
2026-04-26,DB_3000,NEON.D11.CLBJ.DP1.00033_2026_04_26_115800.jpg,0.40348,0.40464,downloaded
2026-04-27,DB_3000,NEON.D11.CLBJ.DP1.00033_2026_04_27_115800.jpg,0.41150,0.40510,downloaded
2026-04-28,DB_3000,NEON.D11.CLBJ.DP1.00033_2026_04_28_115800.jpg,0.41531,0.40929,downloaded
2026-04-29,DB_3000,NEON.D11.CLBJ.DP1.00033_2026_04_29_115800.jpg,0.41383,0.41587,downloaded
2026-04-30,DB_3000,NEON.D11.CLBJ.DP1.00033_2026_04_30_115800.jpg,0.41370,0.41400,downloaded
2026-05-01,DB_3000,NEON.D11.CLBJ.DP1.00033_2026_05_01_115800.jpg,0.41236,0.41163,downloaded
2026-05-02,DB_3000,NEON.D11.CLBJ.DP1.00033_2026_05_02_115800.jpg,0.41158,0.40419,downloaded
2026-05-03,DB_3000,NEON.D11.CLBJ.DP1.00033_2026_05_03_115800.jpg,0.40829,0.40157,downloaded
2026-05-04,DB_3000,NEON.D11.CLBJ.DP1.00033_2026_05_04_115800.jpg,0.40677,0.40270,downloaded
2026-05-05,DB_3000,NEON.D11.CLBJ.DP1.00033_2026_05_05_115800.jpg,0.40958,0.40808,downloaded
2026-05-06,DB_3000,NEON.D11.CLBJ.DP1.00033_2026_05_06_115800.jpg,0.40974,0.40895,downloaded
2026-05-07,DB_3000,NEON.D11.CLBJ.DP1.00033_2026_05_07_115800.jpg,0.40926,0.40474,downloaded
2026-05-08,DB_3000,NEON.D11.CLBJ.DP1.00033_2026_05_08_115800.jpg,0.41508,0.40521,downloaded
2026-05-09,DB_3000,NEON.D11.CLBJ.DP1.00033_2026_05_09_115800.jpg,0.40978,0.40414,downloaded
2026-05-10,DB_3000,NEON.D11.CLBJ.DP1.00033_2026_05_10_115800.jpg,0.41264,0.40784,downloaded
2026-05-11,DB_3000,NEON.D11.CLBJ.DP1.00033_2026_05_11_115800.jpg,0.40985,0.40247,downloaded
2026-05-12,DB_3000,NEON.D11.CLBJ.DP1.00033_2026_05_12_115800.jpg,0.40912,0.40095,downloaded
2026-05-13,DB_3000,NEON.D11.CLBJ.DP1.00033_2026_05_13_115800.jpg,0.40879,0.40205,downloaded
2026-05-14,DB_3000,NEON.D11.CLBJ.DP1.00033_2026_05_14_115800.jpg,0.40600,0.40025,downloaded
2026-05-15,DB_3000,NEON.D11.CLBJ.DP1.00033_2026_05_15_115800.jpg,0.40591,0.40379,downloaded
2026-05-16,DB_3000,NEON.D11.CLBJ.DP1.00033_2026_05_16_115800.jpg,0.40464,0.39877,downloaded
2026-05-17,DB_3000,NEON.D11.CLBJ.DP1.00033_2026_05_17_115800.jpg,0.40486,0.40198,downloaded
2026-05-18,DB_3000,NEON.D11.CLBJ.DP1.00033_2026_05_18_115800.jpg,0.40620,0.40108,downloaded
2026-05-19,DB_3000,NEON.D11.CLBJ.DP1.00033_2026_05_19_115800.jpg,0.42203,0.41146,downloaded
2026-05-20,DB_3000,NEON.D11.CLBJ.DP1.00033_2026_05_20_115800.jpg,0.40186,0.40664,downloaded
2026-05-21,DB_3000,NEON.D11.CLBJ.DP1.00033_2026_05_21_115800.jpg,0.40826,0.40403,downloaded
2026-05-22,DB_3000,NEON.D11.CLBJ.DP1.00033_2026_05_22_115800.jpg,0.40847,0.40450,downloaded
2026-05-23,DB_3000,NEON.D11.CLBJ.DP1.00033_2026_05_23_115800.jpg,0.41165,0.40240,downloaded
2026-05-24,DB_3000,NEON.D11.CLBJ.DP1.00033_2026_05_24_115800.jpg,0.40912,0.40241,downloaded
2026-05-25,DB_3000,NEON.D11.CLBJ.DP1.00033_2026_05_25_115800.jpg,0.40722,0.40187,downloaded
2026-05-26,DB_3000,NEON.D11.CLBJ.DP1.00033_2026_05_26_115800.jpg,0.40316,0.40088,downloaded
2026-05-27,DB_3000,NEON.D11.CLBJ.DP1.00033_2026_05_27_115800.jpg,0.40945,0.40558,downloaded
2026-05-28,DB_3000,NEON.D11.CLBJ.DP1.00033_2026_05_28_115800.jpg,0.41013,0.40514,downloaded
2026-05-29,DB_3000,NEON.D11.CLBJ.DP1.00033_2026_05_29_115800.jpg,0.40783,0.40067,downloaded
2026-05-30,DB_3000,NEON.D11.CLBJ.DP1.00033_2026_05_30_115800.jpg,0.40536,0.40061,downloaded
2026-05-31,DB_3000,NEON.D11.CLBJ.DP1.00033_2026_05_31_115800.jpg,0.40575,0.39879,downloaded
2026-06-01,DB_3000,NEON.D11.CLBJ.DP1.00033_2026_06_01_115800.jpg,0.40673,0.39932,downloaded
2026-06-02,DB_3000,NEON.D11.CLBJ.DP1.00033_2026_06_02_115800.jpg,0.40352,0.40043,downloaded
2026-06-03,DB_3000,NEON.D11.CLBJ.DP1.00033_2026_06_03_115800.jpg,0.40616,0.39934,downloaded
2026-06-04,DB_3000,NEON.D11.CLBJ.DP1.00033_2026_06_04_115800.jpg,0.39661,0.39891,downloaded
2026-06-05,DB_3000,NEON.D11.CLBJ.DP1.00033_2026_06_05_115800.jpg,0.40687,0.40299,downloaded
2026-06-06,DB_3000,NEON.D11.CLBJ.DP1.00033_2026_06_06_115800.jpg,0.40884,0.40436,downloaded
2026-06-07,DB_3000,NEON.D11.CLBJ.DP1.00033_2026_06_07_115800.jpg,0.40853,0.40388,downloaded
2026-06-08,DB_3000,NEON.D11.CLBJ.DP1.00033_2026_06_08_115800.jpg,0.40640,0.40027,downloaded
2026-06-09,DB_3000,NEON.D11.CLBJ.DP1.00033_2026_06_09_115800.jpg,0.40542,0.39946,downloaded
2026-06-10,DB_3000,NEON.D11.CLBJ.DP1.00033_2026_06_10_115800.jpg,0.40499,0.39879,downloaded
2026-06-11,DB_3000,NEON.D11.CLBJ.DP1.00033_2026_06_11_115800.jpg,0.40731,0.40122,downloaded
2026-06-12,DB_3000,NEON.D11.CLBJ.DP1.00033_2026_06_12_115800.jpg,0.39902,0.40256,downloaded
2026-06-13,DB_3000,NEON.D11.CLBJ.DP1.00033_2026_06_13_115800.jpg,0.40569,0.40134,downloaded
2026-06-14,DB_3000,NEON.D11.CLBJ.DP1.00033_2026_06_14_115800.jpg,0.40704,0.40552,downloaded
2026-06-15,DB_3000,NEON.D11.CLBJ.DP1.00033_2026_06_15_115800.jpg,0.40433,0.40493,downloaded
2026-06-16,DB_3000,NEON.D11.CLBJ.DP1.00033_2026_06_16_115800.jpg,0.40527,0.40307,downloaded
2026-06-17,DB_3000,NEON.D11.CLBJ.DP1.00033_2026_06_17_115800.jpg,0.40266,0.39714,downloaded
2026-06-18,DB_3000,NEON.D11.CLBJ.DP1.00033_2026_06_18_115800.jpg,0.40550,0.39940,downloaded
2026-06-19,DB_3000,NEON.D11.CLBJ.DP1.00033_2026_06_19_115800.jpg,0.40555,0.40533,downloaded
2026-06-20,DB_3000,NEON.D11.CLBJ.DP1.00033_2026_06_20_115800.jpg,0.40682,0.40150,downloaded
2026-06-21,DB_3000,NEON.D11.CLBJ.DP1.00033_2026_06_21_115800.jpg,0.40122,0.39810,downloaded
2026-06-22,DB_3000,NEON.D11.CLBJ.DP1.00033_2026_06_22_115800.jpg,0.40747,0.40030,downloaded
2026-06-23,DB_3000,NEON.D11.CLBJ.DP1.00033_2026_06_23_115800.jpg,0.40515,0.40079,downloaded
2026-06-24,DB_3000,NEON.D11.CLBJ.DP1.00033_2026_06_24_115500.jpg,0.40552,0.39779,downloaded
2026-06-25,DB_3000,NEON.D11.CLBJ.DP1.00033_2026_06_25_115500.jpg,0.40767,0.39900,downloaded
2026-06-26,DB_3000,NEON.D11.CLBJ.DP1.00033_2026_06_26_115500.jpg,0.40417,0.39900,downloaded
2026-06-27,DB_3000,NEON.D11.CLBJ.DP1.00033_2026_06_27_115500.jpg,0.40102,0.39645,downloaded
2026-06-28,DB_3000,NEON.D11.CLBJ.DP1.00033_2026_06_28_115500.jpg,0.40223,0.39557,downloaded
2026-06-29,DB_3000,NEON.D11.CLBJ.DP1.00033_2026_06_29_115500.jpg,0.40102,0.39419,downloaded
2026-06-30,DB_3000,NEON.D11.CLBJ.DP1.00033_2026_06_30_115500.jpg,0.40120,0.39450,downloaded
